{
    "2015": [
        {
            "englishTitle": "45 Years",
            "originalTitle": "45 Years",
            "director": "Andrew Haigh",
            "country": "United Kingdom",
            "award": "Best Actress, Best Actor"
        },
        {
            "englishTitle": "Aferim!",
            "director": "Radu Jude",
            "country": "Romania, Bulgaria, Czech Republic",
            "award": "Best Director"
        },
        {
            "englishTitle": "As We Were Dreaming",
            "originalTitle": "Als wir träumten",
            "director": "Andreas Dresen",
            "country": "Germany, France"
        },
        {
            "englishTitle": "Big Father, Small Father and Other Stories",
            "originalTitle": "Cha và con và",
            "director": "Dang Di Phan",
            "country": "Vietnam"
        },
        {
            "englishTitle": "Body",
            "originalTitle": "Ciało",
            "director": "Małgorzata Szumowska",
            "country": "Poland",
            "award": "Best Director"
        },
        {
            "englishTitle": "Chasuke's Journey",
            "originalTitle": "Ten no Chasuke",
            "director": "Sabu",
            "country": "Japan"
        },
        {
            "englishTitle": "Diary of a Chambermaid",
            "originalTitle": "Journal d'une femme de chambre",
            "director": "Benoît Jacquot",
            "country": "Belgium, France"
        },
        {
            "englishTitle": "Eisenstein in Guanajuato",
            "originalTitle": "Eisenstein in Guanajuato",
            "director": "Peter Greenaway",
            "country": "Netherlands, Mexico, Belgium, Finland"
        },
        {
            "englishTitle": "Gone with the Bullets",
            "originalTitle": "Yi bu zhi yao",
            "director": "Jiang Wen",
            "country": "China"
        },
        {
            "englishTitle": "Ixcanul Volcano",
            "originalTitle": "Ixcanul",
            "director": "Jayro Bustamante",
            "country": "Guatemala, France",
            "award": "Alfred Bauer Prize"
        },
        {
            "englishTitle": "Knight of Cups",
            "originalTitle": "Knight of Cups",
            "director": "Terrence Malick",
            "country": "United States"
        },
        {
            "englishTitle": "Nobody Wants the Night",
            "originalTitle": "Nadie quiere la noche",
            "director": "Isabel Coixet",
            "country": "Spain, France, Bulgaria"
        },
        {
            "englishTitle": "Queen of the Desert",
            "originalTitle": "Queen of the Desert",
            "director": "Werner Herzog",
            "country": "United States, Morocco"
        },
        {
            "englishTitle": "Sworn Virgin",
            "originalTitle": "Vergine giurata",
            "director": "Laura Bispuri",
            "country": "Italy, Switzerland, Germany, Albania, Kosovo"
        },
        {
            "englishTitle": "Taxi",
            "director": "Jafar Panahi",
            "country": "Iran",
            "award": "Best Film"
        },
        {
            "englishTitle": "The Club",
            "originalTitle": "El Club",
            "director": "Pablo Larraín",
            "country": "Chile",
            "award": "Jury Grand Prix"
        },
        {
            "englishTitle": "The Pearl Button",
            "originalTitle": "El botón de nácar",
            "director": "Patricio Guzmán",
            "country": "France, Chile, Spain",
            "award": "Best Screenplay"
        },
        {
            "englishTitle": "Under Electric Clouds",
            "originalTitle": "Под электрическими облаками Pod electricheskimi oblakami",
            "director": "Aleksei Alekseivich German",
            "country": "Russia, Ukraine, Poland"
        },
        {
            "englishTitle": "Victoria",
            "originalTitle": "Victoria",
            "director": "Sebastian Schipper",
            "country": "Germany"
        }
    ],
    "2014": [
        {
            "englishTitle": "71",
            "director": "Yann Demange",
            "country": "United Kingdom"
        },
        {
            "englishTitle": "Life of Riley",
            "originalTitle": "Aimer, boire et chanter",
            "director": "Alain Resnais",
            "country": "France",
            "award": "Alfred Bauer Prize"
        },
        {
            "englishTitle": "Aloft",
            "director": "Claudia Llosa",
            "country": "Spain, Canada, France"
        },
        {
            "englishTitle": "Beloved Sisters",
            "originalTitle": "Die geliebten Schwestern",
            "director": "Dominik Graf",
            "country": "Germany"
        },
        {
            "englishTitle": "Stratos",
            "originalTitle": "Mikro psari",
            "director": "Yannis Economides",
            "country": "Greece, Germany, Cyprus"
        },
        {
            "englishTitle": "The Grand Budapest Hotel",
            "director": "Wes Anderson",
            "country": "United Kingdom, Germany",
            "award": "Jury Grand Prix"
        },
        {
            "englishTitle": "Black Coal, Thin Ice",
            "originalTitle": "Bai Ri Yan Huo",
            "director": "Diao Yinan",
            "country": "China",
            "award": "Best Film, Best Actor"
        },
        {
            "englishTitle": "Boyhood",
            "director": "Richard Linklater",
            "country": "United States",
            "award": "Best Director"
        },
        {
            "englishTitle": "The Little House",
            "originalTitle": "Chiisai Ouchi",
            "director": "Yoji Yamada",
            "country": "Japan",
            "award": "Best Actress"
        },
        {
            "englishTitle": "History of Fear ",
            "originalTitle": "Historia del Miedo",
            "director": "Benjamín Naishtat",
            "country": "Argentina, Uruguay, Germany, France"
        },
        {
            "englishTitle": "Jack",
            "director": "Edward Berger",
            "country": "Germany"
        },
        {
            "englishTitle": "In Order of Disappearance",
            "originalTitle": "Kraftidioten",
            "director": "Hans Petter Moland",
            "country": "Norway"
        },
        {
            "englishTitle": "Stations of the Cross",
            "originalTitle": "Kreuzweg",
            "director": "Dietrich Brüggemann",
            "country": "Germany",
            "award": "Best Screenplay"
        },
        {
            "englishTitle": "The Third Side of the River",
            "originalTitle": "La tercera orilla",
            "director": "Celina Murga",
            "country": "Argentina, Germany, Netherlands"
        },
        {
            "englishTitle": "Two Men in Town",
            "originalTitle": "La voie de l‘ennemi",
            "director": "Rachid Bouchareb",
            "country": "France, Algeria, United States, Belgium"
        },
        {
            "englishTitle": "Macondo ",
            "director": "Sudabeh Mortezai",
            "country": "Austria"
        },
        {
            "englishTitle": "Praia do Futuro",
            "director": "Karim Aïnouz",
            "country": "Brazil, Germany"
        },
        {
            "englishTitle": "Blind Massage",
            "originalTitle": "Tui Na",
            "director": "Lou Ye",
            "country": "China, France"
        },
        {
            "englishTitle": "No Man's Land",
            "originalTitle": "Wu Ren Qu",
            "director": "Ning Hao",
            "country": "China"
        },
        {
            "englishTitle": "Inbetween Worlds",
            "originalTitle": "Zwischen Welten",
            "director": "Feo Aladag",
            "country": "Germany"
        }
    ],
    "2013": [
        {
            "englishTitle": "Gloria",
            "director": "Sebastián Lelio",
            "country": "Chile, Spain",
            "award": "Best Actress"
        },
        {
            "englishTitle": "Nobody's Daughter Haewon",
            "originalTitle": "Nugu-ui Ddal-do Anin Haewon",
            "director": "Hong Sang-soo",
            "country": "South Korea"
        },
        {
            "englishTitle": "Paradise: Hope",
            "originalTitle": "Paradies: Hoffnung",
            "director": "Ulrich Seidl",
            "country": "Austria, France, Germany"
        },
        {
            "englishTitle": "Child's Pose",
            "originalTitle": "Poziția Copilului",
            "director": "Călin Peter Netzer",
            "country": "Romania",
            "award": "Best Film"
        },
        {
            "englishTitle": "Promised Land",
            "director": "Gus Van Sant",
            "country": "United States"
        },
        {
            "englishTitle": "Camille Claudel 1915",
            "director": "Bruno Dumont",
            "country": "France"
        },
        {
            "englishTitle": "On My Way",
            "originalTitle": "Elle s'en va",
            "director": "Emmanuelle Bercot",
            "country": "France"
        },
        {
            "englishTitle": "An Episode in the Life of an Iron Picker",
            "originalTitle": "Epizoda u životu berača željeza",
            "director": "Danis Tanović",
            "country": "Bosnia and Herzegovina, France, Slovenia",
            "award": "Jury Grand Prix, Best Actor"
        },
        {
            "englishTitle": "Gold",
            "director": "Thomas Arslan",
            "country": "Germany"
        },
        {
            "englishTitle": "The Nun",
            "originalTitle": "La Religieuse",
            "director": "Guillaume Nicloux",
            "country": "France, Germany, Belgium"
        },
        {
            "englishTitle": "Layla Fourie",
            "director": "Pia Marais",
            "country": "Germany, South Africa, France, Netherlands"
        },
        {
            "englishTitle": "The Necessary Death of Charlie Countryman",
            "director": "Fredrik Bond",
            "country": "United States"
        },
        {
            "englishTitle": "Closed Curtain",
            "originalTitle": "Parde",
            "director": "Jafar Panahi, Kambuzia Partovi",
            "country": "Iran",
            "award": "Best Screenplay"
        },
        {
            "englishTitle": "Side Effects",
            "director": "Steven Soderbergh",
            "country": "United States"
        },
        {
            "englishTitle": "Vic and Flo Saw a Bear",
            "originalTitle": "Vic et Flo ont vu un ours",
            "director": "Denis Côté",
            "country": "Canada",
            "award": "Alfred Bauer Prize"
        },
        {
            "englishTitle": "A Long and Happy Life",
            "director": "Boris Khlebnikov",
            "country": "Russia"
        },
        {
            "englishTitle": "Prince Avalanche",
            "originalTitle": "Prince Avalanche",
            "director": "David Gordon Green",
            "country": "United States",
            "award": "Best Director"
        },
        {
            "englishTitle": "Harmony Lessons",
            "originalTitle": "Uroki garmonii",
            "director": "Emir Baigazin",
            "country": "Kazakhstan, Germany"
        },
        {
            "englishTitle": "In the Name Of",
            "originalTitle": "W imię...",
            "director": "Małgorzata Szumowska",
            "country": "Poland"
        }
    ],
    "2012": [
        {
            "englishTitle": "Aujourd'hui",
            "director": "Alain Gomis",
            "country": "France, Senegal"
        },
        {
            "englishTitle": "Barbara",
            "director": "Christian Petzold",
            "country": "Germany"
        },
        {
            "englishTitle": "Caesar Must Die",
            "originalTitle": "Cesare deve morire",
            "director": "Paolo Taviani, Vittorio Taviani",
            "country": "Italy",
            "award": "Best Film"
        },
        {
            "englishTitle": "Captive",
            "director": "Brillante Mendoza",
            "country": "Philippines"
        },
        {
            "englishTitle": "Childish Games",
            "originalTitle": "Dictado",
            "director": "Antonio Chavarrías",
            "country": "Spain"
        },
        {
            "englishTitle": "Coming Home",
            "originalTitle": "À moi seule",
            "director": "Frédéric Videau",
            "country": "France"
        },
        {
            "englishTitle": "Farewell, My Queen",
            "originalTitle": "Les adieux à la reine",
            "director": "Benoît Jacquot",
            "country": "France, Spain"
        },
        {
            "englishTitle": "Home for the Weekend",
            "originalTitle": "Was bleibt",
            "director": "Hans-Christian Schmid",
            "country": "Germany"
        },
        {
            "englishTitle": "Jayne Mansfield's Car",
            "director": "Billy Bob Thornton",
            "country": "Russia, United States"
        },
        {
            "englishTitle": "Just the Wind",
            "originalTitle": "Csak a szél",
            "director": "Benedek Fliegauf",
            "country": "Hungary, Germany, France",
            "award": "Jury Grand Prix"
        },
        {
            "englishTitle": "Mercy",
            "originalTitle": "Gnade",
            "director": "Matthias Glasner",
            "country": "Germany, Norway"
        },
        {
            "englishTitle": "Meteora",
            "originalTitle": "Metéora",
            "director": "Spiros Stathoulopoulos",
            "country": "Germany, Greece"
        },
        {
            "englishTitle": "Postcards from the Zoo",
            "originalTitle": "Kebun binatang",
            "director": "Edwin",
            "country": "Indonesia, Germany"
        },
        {
            "englishTitle": "A Royal Affair",
            "originalTitle": "En kongelig affære",
            "director": "Nikolaj Arcel",
            "country": "Denmark, Czech Republic, Germany, Sweden",
            "award": "Best Actor, Best Screenplay"
        },
        {
            "englishTitle": "Sister",
            "originalTitle": "L'enfant d'en haut",
            "director": "Ursula Meier",
            "country": "Switzerland, France",
            "award": "Special Award"
        },
        {
            "englishTitle": "Tabu",
            "director": "Miguel Gomes",
            "country": "Portugal, Germany, Brazil, France",
            "award": "Alfred Bauer Prize"
        },
        {
            "englishTitle": "War Witch",
            "originalTitle": "Rebelle",
            "director": "Kim Nguyen",
            "country": "Canada",
            "award": "Best Actress"
        },
        {
            "englishTitle": "White Deer Plain",
            "originalTitle": "Bai lu yuan",
            "director": "Wang Quan'an",
            "country": "China"
        }
    ],
    "2011": [
        {
            "englishTitle": "Our Grand Despair",
            "originalTitle": "Bizim Büyük Çaresizliğimiz",
            "director": "Seyfi Teoman",
            "country": "Turkey, Germany and Netherlands"
        },
        {
            "englishTitle": "Coriolanus",
            "director": "Ralph Fiennes",
            "country": "United Kingdom"
        },
        {
            "englishTitle": "Tales of the Night",
            "originalTitle": "Les Contes de la nuit",
            "director": "Michel Ocelot",
            "country": "France"
        },
        {
            "englishTitle": "The Forgiveness of Blood",
            "director": "Joshua Marston",
            "country": "Albania and United States",
            "award": "Best Screenplay"
        },
        {
            "englishTitle": "The Future",
            "director": "Miranda July",
            "country": "Germany and United States"
        },
        {
            "englishTitle": "A Separation",
            "originalTitle": "Jodaeiye Nader az Simin",
            "director": "Asghar Farhadi",
            "country": "Iran",
            "award": "Best Film, Best Actor, Best Actress"
        },
        {
            "englishTitle": "Lipstikka",
            "originalTitle": "Odem",
            "director": "Jonathan Sagall",
            "country": "Israel and United Kingdom"
        },
        {
            "englishTitle": "Margin Call",
            "director": "J.C. Chandor",
            "country": "United States"
        },
        {
            "englishTitle": "A Mysterious World",
            "originalTitle": "Un Mundo Misterioso",
            "director": "Rodrigo Moreno",
            "country": "Argentina, Germany and Uruguay"
        },
        {
            "englishTitle": "The Prize",
            "originalTitle": "El premio",
            "director": "Paula Markovitch",
            "country": "Mexico, France, Poland and Germany"
        },
        {
            "englishTitle": "Come Rain, Come Shine",
            "originalTitle": "Saranghanda, Saranghaji Anneunda",
            "director": "Lee Yoon-ki",
            "country": "South Korea"
        },
        {
            "englishTitle": "Sleeping Sickness",
            "originalTitle": "Schlafkrankheit",
            "director": "Ulrich Köhler",
            "country": "Germany, France and Netherlands",
            "award": "Best Director"
        },
        {
            "englishTitle": "The Turin Horse",
            "originalTitle": "A Torinói Ló",
            "director": "Béla Tarr",
            "country": "Hungary, France, Germany and Switzerland",
            "award": "Jury Grand Prix"
        },
        {
            "englishTitle": "Innocent Saturday",
            "originalTitle": "V Subbotu",
            "director": "Alexander Mindadze",
            "country": "Russia, Germany and Ukraine"
        },
        {
            "englishTitle": "If Not Us, Who?",
            "originalTitle": "Wer wenn nicht wir",
            "director": "Andres Veiel",
            "country": "Germany"
        },
        {
            "englishTitle": "Yelling to the Sky",
            "director": "Victoria Mahoney",
            "country": "United States"
        }
    ],
    "2010": [
        {
            "originalTitle": "Apart Together",
            "director": "Wang Quan'an",
            "country": "China",
            "award": "Best Screenplay"
        },
        {
            "englishTitle": "Honey",
            "originalTitle": "Bal",
            "director": "Semih Kaplanoğlu",
            "country": "Turkey",
            "award": "Best Film"
        },
        {
            "originalTitle": "Caterpillar",
            "director": "Kōji Wakamatsu",
            "country": "Japan",
            "award": "Best Actress"
        },
        {
            "originalTitle": "Der Räuber",
            "director": "Benjamin Heisenberg",
            "country": "Germany"
        },
        {
            "originalTitle": "En Familie",
            "director": "Pernille Fischer Christensen",
            "country": "Denmark"
        },
        {
            "originalTitle": "En ganske snill mann",
            "director": "Hans Petter Moland",
            "country": "Norway"
        },
        {
            "originalTitle": "Eu când vreau să fluier, fluier",
            "director": "Florin Șerban",
            "country": "Romania",
            "award": "Jury Grand Prix"
        },
        {
            "originalTitle": "Greenberg",
            "director": "Noah Baumbach",
            "country": "United States"
        },
        {
            "originalTitle": "Howl",
            "director": "Rob Epstein and Jeffrey Friedman",
            "country": "United States"
        },
        {
            "englishTitle": "How I Ended This Summer",
            "originalTitle": "Kak ya provyol etim letom",
            "director": "Alexei Popogrebski",
            "country": "Russia",
            "award": "Best Actor"
        },
        {
            "originalTitle": "Jud Süss - Film ohne Gewissen",
            "director": "Oskar Roehler",
            "country": "Austria and  Germany"
        },
        {
            "originalTitle": "Mammuth",
            "director": "Benoît Delépine and Gustave de Kervern",
            "country": "France"
        },
        {
            "originalTitle": "Na putu",
            "director": "Jasmila Žbanić",
            "country": "Bosnia and Herzegovina,  Austria,  Germany and  Croatia"
        },
        {
            "originalTitle": "Rompecabezas",
            "director": "Natalia Smirnoff",
            "country": "Argentina and  France"
        },
        {
            "originalTitle": "San qiang pai an jing qi",
            "director": "Zhang Yimou",
            "country": "China"
        },
        {
            "originalTitle": "Shahada",
            "director": "Burhan Qurbani",
            "country": "Germany"
        },
        {
            "originalTitle": "Shekarchi",
            "director": "Rafi Pitts",
            "country": "Iran and  Germany"
        },
        {
            "originalTitle": "Submarino",
            "director": "Thomas Vinterberg",
            "country": "Denmark"
        },
        {
            "originalTitle": "The Ghost Writer",
            "director": "Roman Polanski",
            "country": "France,  Germany and  United Kingdom",
            "award": "Best Director"
        },
        {
            "originalTitle": "The Killer Inside Me",
            "director": "Michael Winterbottom",
            "country": "United States"
        }
    ],
    "2009": [
        {
            "originalTitle": "Alle Anderen",
            "director": "Maren Ade",
            "country": "Germany",
            "award": "Jury Grand Prix, Best Actress"
        },
        {
            "englishTitle": "Cheri",
            "director": "Stephen Frears",
            "country": "UK"
        },
        {
            "englishTitle": "About Elly",
            "originalTitle": "Darbareye Elly",
            "director": "Asghar Farhadi",
            "country": "Iran",
            "award": "Best Director"
        },
        {
            "englishTitle": "Giant",
            "originalTitle": "Gigante",
            "director": "Adrián Biniez",
            "country": "Uruguay, Germany, Argentina",
            "award": "Jury Grand Prix"
        },
        {
            "englishTitle": "Happy Tears",
            "director": "Mitchell Lichtenstein",
            "country": "USA"
        },
        {
            "englishTitle": "In the Electric Mist",
            "director": "Bertrand Tavernier",
            "country": "USA"
        },
        {
            "originalTitle": "Katalin Varga",
            "director": "Peter Strickland",
            "country": "Romania, United Kingdom, Hungary"
        },
        {
            "englishTitle": "Little Soldier",
            "director": "Annette K. Olesen",
            "country": "Denmark"
        },
        {
            "englishTitle": "Forever Enthralled",
            "originalTitle": "Mei Lanfang",
            "director": "Chen Kaige",
            "country": "China"
        },
        {
            "englishTitle": "The Messenger",
            "director": "Oren Moverman",
            "country": "USA",
            "award": "Best Screenplay"
        },
        {
            "englishTitle": "London River",
            "director": "Rachid Bouchareb",
            "country": "Algeria, France, UK",
            "award": "Best Actor"
        },
        {
            "englishTitle": "Mammoth",
            "director": "Lukas Moodysson",
            "country": "Sweden, Germany, Denmark"
        },
        {
            "englishTitle": "My One and Only",
            "director": "Richard Loncraine",
            "country": "USA"
        },
        {
            "englishTitle": "Rage",
            "director": "Sally Potter",
            "country": "UK, USA"
        },
        {
            "englishTitle": "Ricky",
            "director": "François Ozon",
            "country": "France, Italy"
        },
        {
            "englishTitle": "Storm",
            "originalTitle": "Sturm",
            "director": "Hans-Christian Schmid",
            "country": "Germany, Denmark"
        },
        {
            "englishTitle": "Sweet Rush",
            "originalTitle": "Tatarak",
            "director": "Andrzej Wajda",
            "country": "Poland"
        },
        {
            "englishTitle": "The Milk of Sorrow",
            "originalTitle": "La Teta Asustada",
            "director": "Claudia Llosa",
            "country": "Peru",
            "award": "Best Film"
        }
    ],
    "2008": [
        {
            "englishTitle": "The Song of Sparrow",
            "originalTitle": "Avaze gonjeshk-ha",
            "director": "Majid Majidi",
            "country": "Iran",
            "award": "Best Actor"
        },
        {
            "englishTitle": "Ballast",
            "director": "Lance Hammer",
            "country": "USA"
        },
        {
            "englishTitle": "Night and Day",
            "originalTitle": "Bam gua nat",
            "director": "Sang-soo Hong",
            "country": "South Korea"
        },
        {
            "englishTitle": "Quiet Chaos",
            "originalTitle": "Caos calmo",
            "director": "Antonello Grimaldi",
            "country": "Italy, UK"
        },
        {
            "englishTitle": "Elegy",
            "director": "Isabel Coixet",
            "country": "USA"
        },
        {
            "originalTitle": "Tropa de Elite",
            "director": "José Padilha",
            "country": "Brazil",
            "award": "Best Film"
        },
        {
            "originalTitle": "Feuerherz",
            "director": "Luigi Falorni",
            "country": "Germany"
        },
        {
            "englishTitle": "Gardens of the Night",
            "director": "Damian Harris",
            "country": "USA, UK"
        },
        {
            "englishTitle": "Happy-Go-Lucky",
            "director": "Mike Leigh",
            "country": "UK",
            "award": "Best Actress"
        },
        {
            "originalTitle": "Il y a longtemps que je t'aime",
            "director": "Philippe Claudel",
            "country": "France"
        },
        {
            "englishTitle": "Julia",
            "director": "Erick Zonca",
            "country": "France, USA, Mexico, Belgium"
        },
        {
            "englishTitle": "Cherry Blossoms",
            "originalTitle": "Kirschblüten – Hanami",
            "director": "Doris Dörrie",
            "country": "Germany"
        },
        {
            "originalTitle": "Kâbê",
            "director": "Yoji Yamada",
            "country": "Japan"
        },
        {
            "englishTitle": "Lady Jane",
            "director": "Robert Guédiguian",
            "country": "France"
        },
        {
            "englishTitle": "Lake Tahoe",
            "director": "Fernando Eimbcke",
            "country": "Mexico, Japan, USA"
        },
        {
            "englishTitle": "Sparrow",
            "originalTitle": "Man jeuk",
            "director": "Johnnie To",
            "country": "Hong Kong"
        },
        {
            "originalTitle": "Musta jää",
            "director": "Petri Kotwica",
            "country": "Finland, Germany"
        },
        {
            "englishTitle": "Restless",
            "director": "Amos Kollek",
            "country": "Israel, Germany"
        },
        {
            "englishTitle": "Standard Operating Procedure",
            "director": "Errol Morris",
            "country": "USA",
            "award": "Jury Grand Prix"
        },
        {
            "englishTitle": "There Will Be Blood",
            "director": "Paul Thomas Anderson",
            "country": "USA",
            "award": "Best Director"
        },
        {
            "englishTitle": "In Love We Trust",
            "originalTitle": "Zuo You",
            "director": "Wang Xiaoshuai",
            "country": "China",
            "award": "Best Screenplay"
        }
    ],
    "2007": [
        {
            "englishTitle": "Angel",
            "originalTitle": "The Real Life of Angel Deverell",
            "director": "François Ozon",
            "country": "UK, France, Belgium"
        },
        {
            "englishTitle": "Beaufort",
            "originalTitle": "בופור",
            "director": "Joseph Cedar",
            "country": "Israel",
            "award": "Best Director"
        },
        {
            "englishTitle": "Bordertown",
            "director": "Gregory Nava",
            "country": "USA, UK"
        },
        {
            "englishTitle": "The Counterfeiters",
            "originalTitle": "Die Fälscher",
            "director": "Stefan Ruzowitzky",
            "country": "Austria, Germany"
        },
        {
            "englishTitle": "The Other",
            "originalTitle": "El otro",
            "director": "Ariel Rotter",
            "country": "Argentina, France, Germany",
            "award": "Jury Grand Prix, Best Actor"
        },
        {
            "englishTitle": "Goodbye Bafana",
            "director": "Bille August",
            "country": "Belgium, South Africa, UK, Luxembourg"
        },
        {
            "englishTitle": "Hallam Foe",
            "director": "David Mackenzie",
            "country": "UK"
        },
        {
            "englishTitle": "Desert Dream",
            "originalTitle": "Hyazgar",
            "director": "Lu Zhang",
            "country": "South Korea, France"
        },
        {
            "englishTitle": "In Memory of Me",
            "originalTitle": "In memoria di me",
            "director": "Saverio Costanzo",
            "country": "Italy"
        },
        {
            "englishTitle": "Irina Palm",
            "director": "Sam Garbarski",
            "country": "Belgium, Luxembourg, UK, Germany, France"
        },
        {
            "englishTitle": "Life in Pink",
            "originalTitle": "La Vie En Rose",
            "director": "Olivier Dahan",
            "country": "France, Canada"
        },
        {
            "englishTitle": "The Witnesses",
            "originalTitle": "Les Témoins",
            "director": "André Téchiné",
            "country": "France"
        },
        {
            "englishTitle": "The Duchess of Langeais",
            "originalTitle": "Ne touchez pas la hache",
            "director": "Jacques Rivette",
            "country": "France"
        },
        {
            "englishTitle": "The Year My Parents Went on Vacation",
            "originalTitle": "O Ano em Que Meus Pais Saíram de Férias",
            "director": "Cao Hamburger",
            "country": "Brazil, Argentina"
        },
        {
            "englishTitle": "I Served the King of England",
            "originalTitle": "Obsluhoval jsem anglického krále",
            "director": "Jiří Menzel",
            "country": "Czech Republic, Slovakia"
        },
        {
            "englishTitle": "Lost in Beijing",
            "originalTitle": "苹果",
            "director": "Li Yu",
            "country": "China"
        },
        {
            "englishTitle": "I'm a Cyborg, But That's OK",
            "originalTitle": "싸이보그지만 괜찮아",
            "director": "Park Chan-wook",
            "country": "South Korea"
        },
        {
            "englishTitle": "The Good German",
            "director": "Steven Soderbergh",
            "country": "USA"
        },
        {
            "englishTitle": "The Good Shepherd",
            "director": "Robert De Niro",
            "country": "USA"
        },
        {
            "englishTitle": "Tuya's Marriage",
            "originalTitle": "Tuya de hun shi",
            "director": "Wang Quan'an",
            "country": "China",
            "award": "Best Film"
        },
        {
            "englishTitle": "When a Man Falls in the Forest",
            "director": "Ryan Eslinger",
            "country": "USA, Canada"
        },
        {
            "englishTitle": "Yella",
            "director": "Christian Petzold",
            "country": "Germany",
            "award": "Best Actress"
        }
    ],
    "2006": [
        {
            "englishTitle": "A Prairie Home Companion",
            "director": "Robert Altman",
            "country": "USA"
        },
        {
            "englishTitle": "Candy",
            "director": "Neil Armfield",
            "country": "Australia"
        },
        {
            "englishTitle": "The Free Will",
            "originalTitle": "Der freie Wille",
            "director": "Matthias Glasner",
            "country": "Germany"
        },
        {
            "englishTitle": "The Minder",
            "originalTitle": "El custodio",
            "director": "Rodrigo Moreno",
            "country": "Argentina, France, Germany"
        },
        {
            "englishTitle": "Atomised",
            "originalTitle": "Elementarteilchen",
            "director": "Oskar Roehler",
            "country": "Germany",
            "award": "Best Actor"
        },
        {
            "englishTitle": "A Soap",
            "originalTitle": "En Soap",
            "director": "Pernille Fischer Christensen",
            "country": "Denmark, Sweden",
            "award": "Jury Grand Prix"
        },
        {
            "englishTitle": "Find Me Guilty",
            "director": "Sidney Lumet",
            "country": "USA"
        },
        {
            "englishTitle": "Grbavica: The Land of My Dreams",
            "originalTitle": "Grbavica",
            "director": "Jasmila Zbanic",
            "country": "Austria, Bosnia and Herzegovina, Germany",
            "award": "Best Film"
        },
        {
            "englishTitle": "Invisible Waves",
            "originalTitle": "คำพิพากษาของมหาสมุทร",
            "director": "Pen-Ek Ratanaruang",
            "country": "Netherlands, Thailand, Hong Kong"
        },
        {
            "englishTitle": "Isabella",
            "originalTitle": "伊莎貝拉",
            "director": "Pang Ho-cheung",
            "country": "Hong Kong, China"
        },
        {
            "englishTitle": "Comedy of Power",
            "originalTitle": "L'ivresse du pouvoir",
            "director": "Claude Chabrol",
            "country": "France, Germany"
        },
        {
            "englishTitle": "Offside",
            "director": "Jafar Panahi",
            "country": "Iran"
        },
        {
            "englishTitle": "Requiem",
            "originalTitle": "Requim",
            "director": "Hans-Christian Schmid",
            "country": "UK",
            "award": "Best Actress"
        },
        {
            "englishTitle": "Romanzo Criminale",
            "director": "Michele Placido",
            "country": "Italy, UK, France"
        },
        {
            "englishTitle": "Longing",
            "originalTitle": "Sehnsucht",
            "director": "Valeska Grisebach",
            "country": "Germany"
        },
        {
            "englishTitle": "Slumming",
            "director": "Michael Glawogger",
            "country": "Austria, Switzerland"
        },
        {
            "englishTitle": "Snow Cake",
            "director": "Marc Evans",
            "country": "UK, Canada"
        },
        {
            "englishTitle": "The Road to Guantanamo",
            "director": "Michael Winterbottom, Mat Whitecross",
            "country": "UK",
            "award": "Best Director"
        },
        {
            "englishTitle": "It's Winter",
            "originalTitle": "Zemestan",
            "director": "Rafi Pitts",
            "country": "Iran"
        }
    ],
    "2005": [
        {
            "englishTitle": "Sometimes in April",
            "director": "Raoul Peck",
            "country": "France, USA, Rwanda"
        },
        {
            "englishTitle": "Accused",
            "originalTitle": "Anklet",
            "director": "Jacob Thuesen",
            "country": "Denmark"
        },
        {
            "englishTitle": "Asylum",
            "director": "David Mackenzie",
            "country": "UK, Ireland"
        },
        {
            "englishTitle": "The Beat That My Heart Skipped",
            "director": "Jacques Audiard",
            "country": "France"
        },
        {
            "englishTitle": "Ghosts",
            "originalTitle": "Gespenster",
            "director": "Christian Petzold",
            "country": "Germany"
        },
        {
            "englishTitle": "In Good Company",
            "director": "Paul Weitz",
            "country": "USA"
        },
        {
            "englishTitle": "U-Carmen eKhayelitsha",
            "director": "Mark Dornford-May",
            "country": "South Africa",
            "award": "Best Film"
        },
        {
            "englishTitle": "The Hidden Blade",
            "director": "Yôji Yamada",
            "country": "Japan"
        },
        {
            "englishTitle": "The Life Aquatic with Steve Zissou",
            "director": "Wes Anderson",
            "country": "USA"
        },
        {
            "englishTitle": "Man to Man",
            "director": "Régis Wargnier",
            "country": "France, South Africa, UK"
        },
        {
            "englishTitle": "Some Kind of Blue",
            "originalTitle": "Les Mots Bleu",
            "director": "Alain Corneau",
            "country": "France"
        },
        {
            "englishTitle": "One Day in Europe",
            "director": "Hannes Stöhr",
            "country": "Germany, Spain"
        },
        {
            "englishTitle": "Paradise Now",
            "director": "Hany Abu-Assad",
            "country": "Palestine, France, Germany, Netherlands, Israel"
        },
        {
            "englishTitle": "Peacock",
            "director": "Gu Changwei",
            "country": "China",
            "award": "Jury Grand Prix"
        },
        {
            "englishTitle": "The Last Mitterrand",
            "originalTitle": "Le promeneur du champ de Mars",
            "director": "Robert Guédiguian",
            "country": "France"
        },
        {
            "englishTitle": "Smalltown, Italy",
            "director": "Stefano Mordini",
            "country": "Italy"
        },
        {
            "englishTitle": "The Sun",
            "director": "Alexander Sokurov",
            "country": "Russia, France, Italy, Switzerland"
        },
        {
            "englishTitle": "Sophie Scholl – The Final Days",
            "director": "Marc Rothemund",
            "country": "Germany, Spain",
            "award": "Best Director, Best Actress"
        },
        {
            "englishTitle": "Fateless",
            "director": "Lajos Koltai",
            "country": "Hungary, Germany, UK"
        },
        {
            "englishTitle": "Changing Times",
            "director": "André Téchiné",
            "country": "France"
        },
        {
            "englishTitle": "Thumbsucker",
            "director": "Mike Mills",
            "country": "USA",
            "award": "Best Actor"
        },
        {
            "englishTitle": "The Wayward Cloud",
            "originalTitle": "天邊一朵雲",
            "director": "Tsai Ming-liang",
            "country": "France, Taiwan"
        }
    ],
    "2004": [
        {
            "englishTitle": "20 30 40",
            "director": "Sylvia Chang",
            "country": "Hong Kong, Taiwan, Japan"
        },
        {
            "englishTitle": "25 Degrees in Winter",
            "director": "Stéphane Vuillet",
            "country": "Belgium, France, Russia, Spain"
        },
        {
            "englishTitle": "Just A Kiss...",
            "originalTitle": "Ae Fond Kiss...",
            "director": "Ken Loach",
            "country": "UK, Belgium, Germany, Italy, Spain"
        },
        {
            "englishTitle": "The Beautiful Country",
            "director": "Hans Petter Moland",
            "country": "USA, Norway"
        },
        {
            "englishTitle": "Before Sunset",
            "director": "Richard Linklater",
            "country": "USA"
        },
        {
            "englishTitle": "Intimate Strangers",
            "director": "Patrice Leconte",
            "country": "France"
        },
        {
            "englishTitle": "Head-On",
            "director": "Fatih Akın",
            "country": "Germany, Turkey",
            "award": "Best Film"
        },
        {
            "englishTitle": "In My Country",
            "director": "John Boorman",
            "country": "UK, Ireland, South Africa"
        },
        {
            "englishTitle": "Nightsongs",
            "director": "Romuald Karmakar",
            "country": "Germany"
        },
        {
            "englishTitle": "Lost Embrace",
            "director": "Daniel Burman",
            "country": "Argentina, France, Italy, Spain",
            "award": "Best Actor, Jury Grand Prix"
        },
        {
            "englishTitle": "Red Lights",
            "director": "Cédric Kahn",
            "country": "France"
        },
        {
            "englishTitle": "In Your Hands",
            "director": "Annette K. Olesen",
            "country": "Denmark"
        },
        {
            "englishTitle": "Your Next Life",
            "director": "Manuel Gutiérrez Aragón",
            "country": "Spain"
        },
        {
            "englishTitle": "Maria Full of Grace",
            "director": "Joshua Marston",
            "country": "USA, Colombia",
            "award": "Best Actress"
        },
        {
            "englishTitle": "Monster",
            "director": "Patty Jenkins",
            "country": "USA, Germany",
            "award": "Best Actress"
        },
        {
            "englishTitle": "Daybreak",
            "director": "Björn Runge",
            "country": "Sweden"
        },
        {
            "englishTitle": "First Love",
            "director": "Matteo Garrone",
            "country": "Italy"
        },
        {
            "englishTitle": "Samaritan Girl",
            "director": "Kim Ki-duk",
            "country": "South Korea",
            "award": "Best Director"
        },
        {
            "englishTitle": "Witnesses",
            "director": "Vinko Brešan",
            "country": "Croatia"
        },
        {
            "englishTitle": "The Final Cut",
            "director": "Omar Naim",
            "country": "Canada, Germany"
        },
        {
            "englishTitle": "The Missing",
            "director": "Ron Howard",
            "country": "USA"
        },
        {
            "englishTitle": "Triple Agent",
            "director": "Éric Rohmer",
            "country": "France, Spain, Italy, Greece, Russia"
        },
        {
            "englishTitle": "Trilogy: The Weeping Meadow",
            "director": "Theodoros Angelopoulos",
            "country": "Greece, Germany, France, Italy"
        }
    ],
    "2003": [
        {
            "englishTitle": "25th Hour",
            "director": "Spike Lee",
            "country": "USA"
        },
        {
            "englishTitle": "Adaptation",
            "director": "Spike Jonze",
            "country": "USA",
            "award": "Jury Grand Prix"
        },
        {
            "englishTitle": "Alexandra's Project",
            "director": "Rolf de Heer",
            "country": "Australia"
        },
        {
            "englishTitle": "Angst",
            "director": "Oskar Roehler",
            "country": "Germany"
        },
        {
            "englishTitle": "Confessions of a Dangerous Mind",
            "director": "George Clooney",
            "country": "USA, Canada, Germany",
            "award": "Best Actor"
        },
        {
            "englishTitle": "The Flower of Evil",
            "director": "Claude Chabrol",
            "country": "France"
        },
        {
            "englishTitle": "Good Bye, Lenin!",
            "director": "Wolfgang Becker",
            "country": "Germany"
        },
        {
            "englishTitle": "The Hours",
            "director": "Stephen Daldry",
            "country": "USA, UK",
            "award": "Best Actress"
        },
        {
            "englishTitle": "I'm Not Scared",
            "director": "Gabriele Salvatores",
            "country": "Italy, Spain, UK"
        },
        {
            "englishTitle": "In This World",
            "director": "Michael Winterbottom",
            "country": "UK",
            "award": "Best Film"
        },
        {
            "englishTitle": "Yes Nurse! No Nurse!",
            "director": "Pieter Kramer",
            "country": "Netherlands"
        },
        {
            "englishTitle": "Distant Lights",
            "director": "Hans-Christian Schmid",
            "country": "Germany"
        },
        {
            "englishTitle": "The Life of David Gale",
            "director": "Alan Parker",
            "country": "USA, Germany"
        },
        {
            "englishTitle": "Madame Brouette",
            "director": "Moussa Sene Absa",
            "country": "Canada, Senegal, France"
        },
        {
            "englishTitle": "Blind Shaft",
            "director": "Yang Li",
            "country": "China, Germany, Hong Kong"
        },
        {
            "englishTitle": "My Life Without Me",
            "director": "Isabel Coixet",
            "country": "Spain, Canada"
        },
        {
            "englishTitle": "Small Cuts",
            "director": "Pascal Bonitzer",
            "country": "France, UK"
        },
        {
            "englishTitle": "Spare Parts",
            "director": "Damjan Kozole",
            "country": "Slovenia"
        },
        {
            "englishTitle": "Solaris",
            "director": "Steven Soderbergh",
            "country": "USA"
        },
        {
            "englishTitle": "His Brother",
            "originalTitle": "Son frère",
            "director": "Patrice Chéreau",
            "country": "France",
            "award": "Best Director"
        },
        {
            "englishTitle": "The Twilight Samurai",
            "director": "Yôji Yamada",
            "country": "Japan"
        },
        {
            "englishTitle": "Hero",
            "director": "Yimou Zhang",
            "country": "China, Hong Kong"
        }
    ],
    "2002": [
        {
            "englishTitle": "8 Women",
            "director": "François Ozon",
            "country": "France, Italy"
        },
        {
            "originalTitle": "Amen.",
            "director": "Costa-Gavras",
            "country": "France, Germany, Romania, USA"
        },
        {
            "englishTitle": "Baader",
            "director": "Christopher Roth",
            "country": "Germany, UK"
        },
        {
            "englishTitle": "Bad Guy",
            "director": "Kim Ki-duk",
            "country": "South Korea"
        },
        {
            "englishTitle": "Beneath Clouds",
            "director": "Ivan Sen",
            "country": "Australia"
        },
        {
            "englishTitle": "Bloody Sunday",
            "director": "Paul Greengrass",
            "country": "UK, Ireland",
            "award": "Best Film"
        },
        {
            "englishTitle": "Burning in the Wind",
            "director": "Silvio Soldini",
            "country": "Italy, Switzerland"
        },
        {
            "englishTitle": "Bridget",
            "director": "Amos Kollek",
            "country": "France, Japan"
        },
        {
            "englishTitle": "A Map of the Heart",
            "director": "Dominik Graf",
            "country": "Germany"
        },
        {
            "englishTitle": "Grill Point",
            "director": "Andreas Dresen",
            "country": "Germany"
        },
        {
            "englishTitle": "Heaven",
            "director": "Tom Tykwer",
            "country": "Germany, Italy, USA, France, UK"
        },
        {
            "englishTitle": "Iris",
            "director": "Richard Eyre",
            "country": "USA, UK"
        },
        {
            "englishTitle": "Minor Mishaps",
            "director": "Annette K. Olesen",
            "country": "Denmark"
        },
        {
            "englishTitle": "KT",
            "director": "Junji Sakamoto",
            "country": "Japan, South Korea"
        },
        {
            "englishTitle": "Safe Conduct",
            "director": "Bertrand Tavernier",
            "country": "France, Spain, Germany",
            "award": "Best Actor"
        },
        {
            "englishTitle": "Monster's Ball",
            "director": "Marc Forster",
            "country": "USA, Canada",
            "award": "Best Actress"
        },
        {
            "englishTitle": "Monday Morning",
            "director": "Otar Iosseliani",
            "country": "France, Italy",
            "award": "Best Director"
        },
        {
            "englishTitle": "Stones",
            "director": "Ramón Salazar",
            "country": "Spain"
        },
        {
            "englishTitle": "The Royal Tenenbaums",
            "director": "Wes Anderson",
            "country": "USA"
        },
        {
            "englishTitle": "The Shipping News",
            "director": "Lasse Hallström",
            "country": "USA, Canada"
        },
        {
            "englishTitle": "Spirited Away",
            "director": "Hayao Miyazaki",
            "country": "Japan",
            "award": "Best Film"
        },
        {
            "englishTitle": "One Day in August",
            "director": "Constantine Giannaris",
            "country": "Greece"
        },
        {
            "englishTitle": "Temptations",
            "director": "Zoltán Kamondi",
            "country": "Hungary"
        }
    ],
    "2001": [
        {
            "englishTitle": "The Ignorant Fairies",
            "originalTitle": "Le fate Ignoranti",
            "director": "Ferzan Özpetek",
            "country": "France, Italy"
        },
        {
            "englishTitle": "Beijing Bicycle",
            "originalTitle": "十七岁的单车",
            "director": "Wang Xiaoshuai",
            "country": "China, Taiwan",
            "award": "Special Jury Prize"
        },
        {
            "originalTitle": "La Ciénaga",
            "director": "Lucrecia Martel",
            "country": "Argentina, France, Spain"
        },
        {
            "englishTitle": "Chocolat",
            "director": "Lasse Hallström",
            "country": "USA, UK"
        },
        {
            "originalTitle": "Félix et Lola",
            "director": "Patrice Leconte",
            "country": "France"
        },
        {
            "englishTitle": "Betelnut Beauty",
            "originalTitle": "爱你爱我",
            "director": "Lin Cheng-sheng",
            "country": "Taiwan, France",
            "award": "Best Director"
        },
        {
            "englishTitle": "Finding Forrester",
            "director": "Gus Van Sant",
            "country": "USA"
        },
        {
            "englishTitle": "Intimacy",
            "director": "Patrice Chéreau",
            "country": "UK, France",
            "award": "Best Film, Best Actress"
        },
        {
            "englishTitle": "Inugami",
            "originalTitle": "犬神家の一族",
            "director": "Masato Harada",
            "country": "Japan"
        },
        {
            "englishTitle": "Bamboozled",
            "originalTitle": "Bamboozled",
            "director": "Spike Lee",
            "country": "USA"
        },
        {
            "englishTitle": "Italian for Beginners",
            "originalTitle": "Italiensk for begyndere",
            "director": "Lone Scherfig",
            "country": "Denmark, Sweden",
            "award": "Jury Prize"
        },
        {
            "englishTitle": "Joint Security Area",
            "director": "Park Chan-wook",
            "country": "South Korea"
        },
        {
            "englishTitle": "Kuroe",
            "director": "Gō Rijū",
            "country": "Japan"
        },
        {
            "englishTitle": "Little Senegal",
            "director": "Rachid Bouchareb",
            "country": "Algeria, France, Germany"
        },
        {
            "englishTitle": "Fat Girl",
            "originalTitle": "À ma soeur!",
            "director": "Catherine Breillat",
            "country": "Ialy, France"
        },
        {
            "englishTitle": "My Sweet Home",
            "director": "Fillipos Tsitos",
            "country": "Greece, Germany"
        },
        {
            "englishTitle": "The Claim",
            "director": "Michael Winterbottom",
            "country": "UK, France, Canada"
        },
        {
            "englishTitle": "The Tailor of Panama",
            "director": "John Boorman",
            "country": "USA, Ireland"
        },
        {
            "englishTitle": "Traffic",
            "director": "Steven Soderbergh",
            "country": "USA",
            "award": "Best Actor"
        },
        {
            "englishTitle": "Weiser",
            "director": "Wojciech Marczewski",
            "country": "Poland, Switzerland, Germany"
        },
        {
            "englishTitle": "Wit",
            "director": "Mike Nichols",
            "country": "UK, USA"
        },
        {
            "englishTitle": "You're the One",
            "director": "José Luis Garci",
            "country": "Spain"
        },
        {
            "englishTitle": "Malèna",
            "director": "Giuseppe Tornatore",
            "country": "Italy"
        }
    ],
    "2000": [
        {
            "englishTitle": "Any Given Sunday",
            "director": "Oliver Stone",
            "country": "USA"
        },
        {
            "englishTitle": "The Beach",
            "director": "Danny Boyle",
            "country": "USA, UK"
        },
        {
            "englishTitle": "Boy's Choir",
            "director": "Akira Ogata",
            "country": "Japan"
        },
        {
            "englishTitle": "The Road Home",
            "director": "Zhang Yimou",
            "country": "China",
            "award": "Special Jury Prize"
        },
        {
            "englishTitle": "The Hurricane",
            "director": "Norman Jewison",
            "country": "USA",
            "award": "Best Actor"
        },
        {
            "englishTitle": "Love Me",
            "director": "Laetitia Masson",
            "country": "France"
        },
        {
            "englishTitle": "Magnolia",
            "director": "Paul Thomas Anderson",
            "country": "USA",
            "award": "Best Film"
        },
        {
            "englishTitle": "Clouds of May",
            "director": "Nuri Bilge Ceylan",
            "country": "Turkey"
        },
        {
            "englishTitle": "The Sea",
            "director": "Agustí Villaronga",
            "country": "Spain"
        },
        {
            "englishTitle": "The Million Dollar Hotel",
            "director": "Wim Wenders",
            "country": "USA, UK, Germany",
            "award": "Jury Prize"
        },
        {
            "englishTitle": "Man on the Moon",
            "director": "Miloš Forman",
            "country": "USA, UK, Germany, Japan",
            "award": "Best Director"
        },
        {
            "englishTitle": "Sky Hook",
            "director": "Ljubiša Samardžić",
            "country": "Yugoslavia, Italy"
        },
        {
            "englishTitle": "Paradiso: Seven Days with Seven Women",
            "director": "Rudolf Thome",
            "country": "Germany"
        },
        {
            "englishTitle": "First Light of Dawn",
            "director": "Lucio Gaudino",
            "country": "Italy"
        },
        {
            "englishTitle": "Russkiy bunt",
            "director": "Aleksandr Proshkin",
            "country": "Russia, France"
        },
        {
            "englishTitle": "Signs and Wonders",
            "director": "Jonathan Nossiter",
            "country": "France"
        },
        {
            "englishTitle": "The Legend of Rita",
            "director": "Volker Schlöndorff",
            "country": "Germany",
            "award": "Best Actress"
        },
        {
            "englishTitle": "The Talented Mr. Ripley",
            "director": "Anthony Minghella",
            "country": "USA"
        },
        {
            "englishTitle": "Water Drops on Burning Rocks",
            "director": "François Ozon",
            "country": "France"
        },
        {
            "englishTitle": "The Island Tales",
            "director": "Stanley Kwan",
            "country": "Japan, Hong Kong, China"
        },
        {
            "englishTitle": "Of Woman and Magic",
            "director": "Claude Miller",
            "country": "France"
        }
    ]
}