{
    "AllTime": [
        {
            "englishTitle": "Citizen Kane",
            "director": "Orson Welles"
        },
        {
            "englishTitle": "The Night of the Hunter",
            "director": "Charles Laughton"
        },
        {
            "englishTitle": "The Rules of the Game",
            "originalTitle": "La Règle du jeu",
            "director": "Jean Renoir"
        },
        {
            "englishTitle": "Sunrise: A Song of Two Humans",
            "originalTitle": "L'Aurore",
            "director": "Friedrich Wilhelm Murnau"
        },
        {
            "englishTitle": "L'Atalante",
            "director": "Jean Vigo"
        },
        {
            "englishTitle": "M",
            "director": "Fritz Lang"
        },
        {
            "englishTitle": "Singin' in the Rain",
            "director": "Stanley Donen, Gene Kelly"
        },
        {
            "englishTitle": "Vertigo",
            "director": "Alfred Hitchcock"
        },
        {
            "englishTitle": "Children of Paradise",
            "originalTitle": "Les Enfants du Paradis",
            "director": "Marcel Carné"
        },
        {
            "englishTitle": "The Searchers",
            "director": "John Ford"
        },
        {
            "englishTitle": "Greed",
            "director": "Erich von Stroheim"
        },
        {
            "englishTitle": "Rio Bravo",
            "director": "Howard Hawkes"
        },
        {
            "englishTitle": "To Be or Not to Be",
            "director": "Ernst Lubitsch"
        },
        {
            "englishTitle": "Tokyo Story",
            "director": "Yasujiro Ozu"
        },
        {
            "englishTitle": "Contempt",
            "originalTitle": "Le Mépris",
            "director": "Jean-Luc Godard"
        },
        {
            "englishTitle": "Tales of Ugetsu",
            "originalTitle": "Ugetsu monogatari",
            "director": "Kenji Mizoguchi"
        },
        {
            "englishTitle": "City Lights",
            "director": "Charlie Chaplin"
        },
        {
            "englishTitle": "The General",
            "director": "Buster Keaton"
        },
        {
            "englishTitle": "Nosferatu the Vampire",
            "director": "Friedrich Wilhelm Murnau"
        },
        {
            "englishTitle": "The Music Room",
            "director": "Satyajit Ray"
        },
        {
            "englishTitle": "Freaks",
            "director": "Tod Browning"
        },
        {
            "englishTitle": "Johnny Guitar",
            "director": "Nicholas Ray"
        },
        {
            "englishTitle": "The Mother and the Whore",
            "originalTitle": "La Maman et la Putain",
            "director": "Jean Eustache"
        },
        {
            "englishTitle": "The Great Dictator",
            "director": "Charlie Chaplin"
        },
        {
            "englishTitle": "The Leopard",
            "originalTitle": "Le Guépard",
            "director": "Luchino Visconti"
        },
        {
            "englishTitle": "Hiroshima, My Love",
            "originalTitle": "Hiroshima, Mon Amour",
            "director": "Alain Resnais"
        },
        {
            "englishTitle": "The Box of Pandora",
            "originalTitle": "Loulou",
            "director": "Georg Wilhelm Pabst"
        },
        {
            "englishTitle": "North by Northwest",
            "director": "Alfred Hitchcock"
        },
        {
            "englishTitle": "Pickpocket",
            "director": "Robert Bresson"
        },
        {
            "englishTitle": "Golden Helmet",
            "originalTitle": "Casque d'or",
            "director": "Jacques Becker"
        },
        {
            "englishTitle": "The Barefoot Contessa",
            "director": "Joseph Mankiewitz"
        },
        {
            "englishTitle": "Moonfleet",
            "director": "Fritz Lang"
        },
        {
            "englishTitle": "Diamond Earrings",
            "originalTitle": "Madame de…",
            "director": "Max Ophüls"
        },
        {
            "englishTitle": "Pleasure",
            "director": "Max Ophüls"
        },
        {
            "englishTitle": "The Deer Hunter",
            "director": "Michael Cimino"
        },
        {
            "englishTitle": "The Adventure",
            "director": "Michelangelo Antonioni"
        },
        {
            "englishTitle": "Battleship Potemkin",
            "director": "Sergei M. Eisenstein"
        },
        {
            "englishTitle": "Notorious",
            "director": "Alfred Hitchcock"
        },
        {
            "englishTitle": "Ivan the Terrible",
            "director": "Sergei M. Eisenstein"
        },
        {
            "englishTitle": "The Godfather",
            "director": "Francis Ford Coppola"
        },
        {
            "englishTitle": "Touch of Evil",
            "director": "Orson Welles"
        },
        {
            "englishTitle": "The Wind",
            "director": "Victor Sjöström"
        },
        {
            "englishTitle": "2001: A Space Odyssey",
            "director": "Stanley Kubrick"
        },
        {
            "englishTitle": "Fanny and Alexander",
            "director": "Ingmar Bergman"
        },
        {
            "englishTitle": "The Crowd",
            "director": "King Vidor"
        },
        {
            "englishTitle": "8½",
            "originalTitle": "Otto e mezzo",
            "director": "Federico Fellini"
        },
        {
            "englishTitle": "La Jetée",
            "director": "Chris Marker"
        },
        {
            "englishTitle": "Pierrot le Fou",
            "director": "Jean-Luc Godard"
        },
        {
            "englishTitle": "Confessions of a Cheat",
            "originalTitle": "Le Roman d'un tricheur",
            "director": "Sacha Guitry"
        },
        {
            "englishTitle": "Amarcord",
            "director": "Federico Fellini"
        },
        {
            "englishTitle": "Beauty and the Beast",
            "originalTitle": "La Belle et la Bête",
            "director": "Jean Cocteau"
        },
        {
            "englishTitle": "Some Like It Hot",
            "director": "Billy Wilder"
        },
        {
            "englishTitle": "Some Came Running",
            "director": "Vincente Minnelli"
        },
        {
            "englishTitle": "Gertrud",
            "director": "Carl Theodor Dreyer"
        },
        {
            "englishTitle": "King Kong",
            "director": "Ernst Shoedsack, Merian J. Cooper"
        },
        {
            "englishTitle": "Laura",
            "director": "Otto Preminger"
        },
        {
            "englishTitle": "The Seven Samurai",
            "director": "Akira Kurosawa"
        },
        {
            "englishTitle": "The 400 Blows",
            "originalTitle": "Les 400 Coups",
            "director": "François Truffaut"
        },
        {
            "englishTitle": "La Dolce Vita",
            "director": "Federico Fellini"
        },
        {
            "englishTitle": "The Dead",
            "director": "John Huston"
        },
        {
            "englishTitle": "Trouble in Paradise",
            "director": "Ernst Lubitsch"
        },
        {
            "englishTitle": "It's a Wonderful Life",
            "director": "Frank Capra"
        },
        {
            "englishTitle": "Monsieur Verdoux",
            "director": "Charlie Chaplin"
        },
        {
            "englishTitle": "The Passion of Joan of Arc",
            "director": "Carl Theodor Dreyer"
        },
        {
            "englishTitle": "Breathless",
            "originalTitle": "À bout de souffle",
            "director": "Jean-Luc Godard"
        },
        {
            "englishTitle": "Apocalypse Now",
            "director": "Francis Ford Coppola"
        },
        {
            "englishTitle": "Barry Lyndon",
            "director": "Stanley Kubrick"
        },
        {
            "englishTitle": "La Grande Illusion",
            "director": "Jean Renoir"
        },
        {
            "englishTitle": "Intolerance",
            "director": "David Wark Griffith"
        },
        {
            "englishTitle": "A Day in the Country",
            "originalTitle": "Partie de campagne",
            "director": "Jean Renoir"
        },
        {
            "englishTitle": "Playtime",
            "director": "Jacques Tati"
        },
        {
            "englishTitle": "Rome, Open City",
            "director": "Roberto Rossellini"
        },
        {
            "englishTitle": "Livia",
            "originalTitle": "Senso",
            "director": "Luchino Visconti"
        },
        {
            "englishTitle": "Modern Times",
            "director": "Charlie Chaplin"
        },
        {
            "englishTitle": "Van Gogh",
            "director": "Maurice Pialat"
        },
        {
            "englishTitle": "An Affair to Remember",
            "director": "Leo McCarey"
        },
        {
            "englishTitle": "Andrei Rublev",
            "director": "Andrei Tarkovsky"
        },
        {
            "englishTitle": "The Scarlet Empress",
            "director": "Joseph von Sternberg"
        },
        {
            "englishTitle": "Sansho the Bailiff",
            "director": "Kenji Mizoguchi"
        },
        {
            "englishTitle": "Talk to Her",
            "director": "Pedro Almodóvar"
        },
        {
            "englishTitle": "The Party",
            "director": "Blake Edwards"
        },
        {
            "englishTitle": "Tabu",
            "director": "Friedrich Wilhelm Murnau"
        },
        {
            "englishTitle": "The Bandwagon",
            "director": "Vincente Minnelli"
        },
        {
            "englishTitle": "A Star Is Born",
            "director": "George Cukor"
        },
        {
            "englishTitle": "Mr. Hulot's Holiday",
            "originalTitle": "Les Vacances de monsieur Hulot",
            "director": "Jacques Tati"
        },
        {
            "englishTitle": "America, America",
            "director": "Elia Kazan"
        },
        {
            "englishTitle": "El",
            "director": "Luis Buñuel"
        },
        {
            "englishTitle": "Kiss Me Deadly",
            "director": "Robert Aldrich"
        },
        {
            "englishTitle": "Once Upon a Time in America",
            "director": "Sergio Leone"
        },
        {
            "englishTitle": "Daybreak",
            "originalTitle": "Le Jour se lève",
            "director": "Marcel Carné"
        },
        {
            "englishTitle": "Letter from an Unknown Woman",
            "director": "Max Ophüls"
        },
        {
            "englishTitle": "Lola",
            "director": "Jacques Demy"
        },
        {
            "englishTitle": "Manhattan",
            "director": "Woody Allen"
        },
        {
            "englishTitle": "Mulholland Dr.",
            "director": "David Lynch"
        },
        {
            "englishTitle": "My Night at Maud's",
            "originalTitle": "Ma nuit chez Maud",
            "director": "Eric Rohmer"
        },
        {
            "englishTitle": "Night and Fog",
            "originalTitle": "Nuit et Brouillard",
            "director": "Alain Resnais"
        },
        {
            "englishTitle": "The Gold Rush",
            "director": "Charlie Chaplin"
        },
        {
            "englishTitle": "Scarface",
            "director": "Howard Hawks"
        },
        {
            "englishTitle": "Bicycle Thieves",
            "director": "Vittorio de Sica"
        },
        {
            "englishTitle": "Napoléon",
            "director": "Abel Gance"
        }
    ],
    "2014": [
        {
            "englishTitle": "Li’l Quinquin",
            "director": "Bruno Dumont"
        },
        {
            "englishTitle": "Goodbye to Language",
            "originalTitle": "Adieu au Langage",
            "director": "Jean-Luc Godard"
        },
        {
            "englishTitle": "Under the Skin",
            "director": "Jonathan Glazer"
        },
        {
            "englishTitle": "Maps to the Stars",
            "director": "David Cronenberg"
        },
        {
            "englishTitle": "The Wind Rises",
            "director": "Hayao Miyazaki"
        },
        {
            "englishTitle": "Nymphomaniac",
            "director": "Lars von Trier"
        },
        {
            "englishTitle": "Mommy",
            "director": "Xavier Dolan"
        },
        {
            "englishTitle": "Love Is Strange",
            "director": "Ira Sachs"
        },
        {
            "englishTitle": "Le Paradis",
            "director": "Alain Cavalier"
        },
        {
            "englishTitle": "Our Sunhi",
            "director": "Hong Sang-soo"
        }
    ],
    "2013": [
        {
            "englishTitle": "Stranger By the Lake",
            "originalTitle": "L'Inconnu du Lac",
            "director": "Alain Guiraudie"
        },
        {
            "englishTitle": "Spring Breakers",
            "director": "Harmony Korine"
        },
        {
            "englishTitle": "Blue is the Warmest Color",
            "originalTitle": "La Vie d'Adèle",
            "director": "Abdellatif Kechiche"
        },
        {
            "englishTitle": "Gravity",
            "director": "Alfonso Cuaron"
        },
        {
            "englishTitle": "A Touch of Sin",
            "director": "Jia Zhang Ke"
        },
        {
            "englishTitle": "Lincoln",
            "director": "Steven Spielberg"
        },
        {
            "englishTitle": "La Jalousie",
            "director": "Philippe Garrel"
        },
        {
            "englishTitle": "Nobody's Daughter Haewon",
            "director": "Hong Sang-soo"
        },
        {
            "englishTitle": "You and the Night",
            "originalTitle": "Les rencontres d'après minuit",
            "director": "Yann Gonzalez"
        },
        {
            "englishTitle": "La Bataille de Solferino",
            "director": "Justine Triet"
        }
    ],
    "2012": [
        {
            "englishTitle": "Holy motors",
            "director": "Leos Carax"
        },
        {
            "englishTitle": "Cosmopolis",
            "director": "David Cronenberg"
        },
        {
            "englishTitle": "Twixt",
            "director": "Francis Ford Coppola"
        },
        {
            "englishTitle": "4:44 Last day on earth",
            "director": "Abel Ferrara"
        },
        {
            "englishTitle": "In another country",
            "director": "Hong Sang-Soo"
        },
        {
            "englishTitle": "Take shelter",
            "director": "Jeff Nichols"
        },
        {
            "englishTitle": "Go go tales",
            "director": "Abel Ferrara"
        },
        {
            "englishTitle": "Tabu",
            "director": "Miguel Gomes"
        },
        {
            "englishTitle": "Faust",
            "director": "Alexander Sokurov"
        },
        {
            "englishTitle": "Keep the lights on",
            "director": "Ira Sachs"
        }
    ],
    "2011": [
        {
            "englishTitle": "Habemus papam",
            "director": "Nanni Moretti"
        },
        {
            "englishTitle": "O estranho caso de Angélica",
            "director": "Manoel de Oliveira"
        },
        {
            "englishTitle": "The Tree of Life",
            "director": "Terrence Malick"
        },
        {
            "englishTitle": "Hors Satan",
            "director": "Bruno Dumont"
        },
        {
            "englishTitle": "Essential Killing",
            "director": "Jerzy Skolimowski"
        },
        {
            "englishTitle": "Melancholia",
            "director": "Lars von Trier"
        },
        {
            "englishTitle": "Un été brûlant",
            "director": "Philippe Garrel"
        },
        {
            "englishTitle": "Super 8",
            "director": "J.J. Abrams"
        },
        {
            "englishTitle": "L'Apollonide",
            "director": "Bertrand Bonello"
        },
        {
            "englishTitle": "Meek's Cutoff",
            "director": "Kelly Reichardt"
        }
    ],
    "2010": [
        {
            "englishTitle": "Lung Boonmee Raluek Chat",
            "director": "Apichatpong Weerasethakul"
        },
        {
            "englishTitle": "Bad Lieutenant: Port of Call New Orleans",
            "director": "Werner Herzog"
        },
        {
            "englishTitle": "Film Socialisme",
            "director": "Jean-Luc Godard"
        },
        {
            "englishTitle": "Toy Story 3",
            "director": "Lee Unkrich"
        },
        {
            "englishTitle": "Fantastic Mr. Fox",
            "director": "Wes Anderson"
        },
        {
            "englishTitle": "A Serious Man",
            "director": "Ethan & Joel Coen"
        },
        {
            "englishTitle": "Morrer Como Um Homem",
            "director": "Joao Pedro Rodrigues"
        },
        {
            "englishTitle": "The Social Network",
            "director": "David Fincher"
        },
        {
            "englishTitle": "Shuga",
            "director": "Darezhan Omirbaev"
        },
        {
            "englishTitle": "Mother",
            "director": "Joon-ho Bong"
        }
    ],
    "2000s": [
        {
            "englishTitle": "Mulholland Dr.",
            "director": "David Lynch",
            "year": 2001
        },
        {
            "englishTitle": "Elephant",
            "director": "Gus Van Sant",
            "year": 2003
        },
        {
            "englishTitle": "Tropical Malady",
            "director": "Apichatpong Weerasethakul",
            "year": 2004
        },
        {
            "englishTitle": "The Host",
            "director": "Bong Joon-ho",
            "year": 2006
        },
        {
            "englishTitle": "A History of Violence",
            "director": "David Cronenberg",
            "year": 2005
        },
        {
            "englishTitle": "The Secret of the Grain",
            "originalTitle": "La Graine et le Mulet",
            "director": "Abdellatif Kechiche",
            "year": 2007
        },
        {
            "englishTitle": "West of the Tracks",
            "originalTitle": "Tie Xi Qu",
            "director": "Wang Bing",
            "year": 2004
        },
        {
            "englishTitle": "War of the Worlds",
            "director": "Steven Spielberg",
            "year": 2005
        },
        {
            "englishTitle": "The New World",
            "director": "Terrence Malick",
            "year": 2006
        },
        {
            "englishTitle": "Ten",
            "director": "Abbas Kiarostami",
            "year": 2002
        }
    ],
    "2009": [
        {
            "englishTitle": "Les herbes folles",
            "director": "Alain Resnais"
        },
        {
            "englishTitle": "Vincere",
            "director": "Marco Bellocchio"
        },
        {
            "englishTitle": "Inglourious Basterds",
            "director": "Quentin Tarantino"
        },
        {
            "englishTitle": "Gran Torino",
            "director": "Clint Eastwood"
        },
        {
            "englishTitle": "Singularidades de uma Rapariga Loura",
            "director": "Manoel de Oliveira"
        },
        {
            "englishTitle": "Tetro",
            "director": "Francis Ford Coppola"
        },
        {
            "englishTitle": "The Hurt Locker",
            "director": "Kathryn Bigelow"
        },
        {
            "englishTitle": "Le roi de l'évasion",
            "director": "Alain Guiraudie"
        },
        {
            "englishTitle": "Tokyo Sonata",
            "director": "Kiyoshi Kurosawa"
        },
        {
            "englishTitle": "Hadewijch",
            "director": "Bruno Dumont"
        }
    ],
    "2008": [
        {
            "englishTitle": "Redacted",
            "director": "Brian De Palma"
        },
        {
            "englishTitle": "Juventude Em Marcha",
            "director": "Pedro Costa"
        },
        {
            "englishTitle": "Cloverfield",
            "director": "Matt Reeves"
        },
        {
            "englishTitle": "No Country for Old Men",
            "director": "Joel & Ethan Coen"
        },
        {
            "englishTitle": "Two Lovers",
            "director": "James Gray"
        },
        {
            "englishTitle": "Waltz With Bashir",
            "director": "Ari Folman"
        },
        {
            "englishTitle": "Dernier maquis",
            "director": "Rabah Ameur-Zaïmeche"
        },
        {
            "englishTitle": "Hunger",
            "director": "Steve McQueen"
        },
        {
            "englishTitle": "A Short Film About the Indio Nacional",
            "director": "Raya Martin"
        },
        {
            "englishTitle": "De la guerre",
            "director": "Bertrand Bonello"
        }
    ],
    "2007": [
        {
            "englishTitle": "Paranoid Park",
            "director": "Gus Van Sant"
        },
        {
            "englishTitle": "Death Proof",
            "director": "Quentin Tarantino"
        },
        {
            "englishTitle": "Inland Empire",
            "director": "David Lynch"
        },
        {
            "englishTitle": "Still Life",
            "director": "Jia Zhang-ke"
        },
        {
            "englishTitle": "La France",
            "director": "Serge Bozon"
        },
        {
            "englishTitle": "Zodiac",
            "director": "David Fincher"
        },
        {
            "englishTitle": "Les amours d'Astrée et de Céladon",
            "director": "Eric Rohmer"
        },
        {
            "englishTitle": "Honor de cavalleria",
            "director": "Albert Serra"
        },
        {
            "englishTitle": "Avant que j'oublie",
            "director": "Jacques Nolot"
        },
        {
            "englishTitle": "I Don't Want to Sleep Alone",
            "director": "Tsai Ming-liang"
        },
        {
            "englishTitle": "Ne touchez pas la hache",
            "director": "Jacques Rivette"
        },
        {
            "englishTitle": "Syndromes and a Century",
            "director": "Apichatpong Weerasethakul"
        }
    ],
    "2006": [
        {
            "englishTitle": "Coeurs",
            "director": "Alain Resnais"
        },
        {
            "englishTitle": "Le Soleil",
            "director": "Aleksandr Sokurov"
        },
        {
            "englishTitle": "The Host",
            "director": "Bong Joon-ho"
        },
        {
            "englishTitle": "Lady Chatterley",
            "director": "Pascale Ferran"
        },
        {
            "englishTitle": "Un couple parfait",
            "director": "Nobuhiro Suwa"
        },
        {
            "englishTitle": "Ces rencontres avec eux",
            "director": "Danièle Huillet, Jean-Marie Straub"
        },
        {
            "englishTitle": "The Lady in the Water",
            "director": "M. Night Shyamalan"
        },
        {
            "englishTitle": "Capote",
            "director": "Bennett Miller"
        },
        {
            "englishTitle": "The Departed",
            "director": "Martin Scorsese"
        },
        {
            "englishTitle": "Flags of Our Fathers",
            "director": "Clint Eastwood"
        },
        {
            "englishTitle": "The New World",
            "director": "Terrence Malick"
        }
    ],
    "2005": [
        {
            "englishTitle": "Last Days",
            "director": "Gus Van Sant"
        },
        {
            "englishTitle": "Les Amants réguliers",
            "director": "Philippe Garrel"
        },
        {
            "englishTitle": "A History of Violence",
            "director": "David Cronenberg"
        },
        {
            "englishTitle": "Le petit lieutenant",
            "director": "Xavier Beauvois"
        },
        {
            "englishTitle": "The World",
            "director": "Jia Zhang-ke"
        },
        {
            "englishTitle": "Three Times",
            "director": "Hou Hsiao-hsien"
        },
        {
            "englishTitle": "1/3 des yeux",
            "director": "Olivier Zabat"
        },
        {
            "englishTitle": "Be With Me",
            "director": "Eric Khoo"
        },
        {
            "englishTitle": "Tale of Cinema",
            "director": "Hong Sang-soo"
        },
        {
            "englishTitle": "Grizzly Man",
            "director": "Werner Herzog"
        },
        {
            "englishTitle": "Frank Miller's Sin City",
            "director": "Frank Miller, Robert Rodriguez"
        }
    ],
    "2004": [
        {
            "englishTitle": "Tropical Malady",
            "director": "Apichatpong Weerasethakul"
        },
        {
            "englishTitle": "West of the Tracks",
            "director": "Wang Bing"
        },
        {
            "englishTitle": "S-21",
            "director": "Rithy Panh"
        },
        {
            "englishTitle": "The Village",
            "director": "M. Night Shyamalan"
        },
        {
            "englishTitle": "Shara",
            "director": "Naomi Kawase"
        },
        {
            "englishTitle": "Rois et reine",
            "director": "Arnaud Desplechin"
        },
        {
            "englishTitle": "The Brown Bunny",
            "director": "Vincent Gallo"
        },
        {
            "englishTitle": "Gerry",
            "director": "Gus Van Sant"
        },
        {
            "englishTitle": "Café Lumière",
            "director": "Hou Hsiao-hsien"
        },
        {
            "englishTitle": "Kill Bill, Vol. 2",
            "director": "Quentin Tarantino"
        },
        {
            "englishTitle": "Saraband",
            "director": "Ingmar Bergman"
        }
    ],
    "2002": [
        {
            "englishTitle": "Secret Things",
            "originalTitle": "Choses Secrètes",
            "director": "Jean-Claude Brisseau"
        },
        {
            "englishTitle": "Ten",
            "director": "Abbas Kiarostami"
        },
        {
            "englishTitle": "Blissfully Yours",
            "director": "Apichatpong Weerasethakul"
        },
        {
            "originalTitle": "De l'Autre Côté",
            "director": "Chantal Akerman"
        },
        {
            "englishTitle": "The Uncertainty Principle",
            "originalTitle": "O Princípio da Incerteza",
            "director": "Manoel de Oliveira"
        },
        {
            "englishTitle": "My Mother's Smila",
            "originalTitle": "L'Ora di Religione",
            "director": "Marco Bellocchio"
        },
        {
            "englishTitle": "Talk to Her",
            "originalTitle": "Hable con ella",
            "director": "Pedro Almodóvar"
        },
        {
            "englishTitle": "Spirited Away",
            "director": "Hayao Miyazaki"
        },
        {
            "englishTitle": "Spider",
            "director": "David Cronenberg"
        },
        {
            "englishTitle": "Gerry",
            "director": "Gus Van Sant"
        },
        {
            "englishTitle": "24 (TV series)"
        }
    ],
    "2001": [
        {
            "englishTitle": "Mulholland Drive",
            "director": "David Lynch"
        },
        {
            "englishTitle": "The Lady and the Duke",
            "director": "Eric Rohmer"
        },
        {
            "englishTitle": "Millennium Mambo",
            "director": "Hou Hsiao-hsien"
        },
        {
            "englishTitle": "Time and Tide",
            "director": "Tsui Hark"
        },
        {
            "englishTitle": "I'm Going Home",
            "director": "Manoel de Oliveira"
        },
        {
            "englishTitle": "Platform",
            "director": "Jia Zhang-ke"
        },
        {
            "englishTitle": "Wild Innocence",
            "director": "Philippe Garrel"
        },
        {
            "englishTitle": "Sobibor, 14 Octobre 1943, 16 Heures",
            "director": "Claude Lanzmann"
        },
        {
            "englishTitle": "The Son's Room",
            "director": "Nanni Moretti"
        },
        {
            "englishTitle": "R Xmas",
            "director": "Abel Ferrara"
        },
        {
            "englishTitle": "Saraband",
            "director": "Ingmar Bergman"
        }
    ],
    "2000": [
        {
            "englishTitle": "Esther Kahn",
            "director": "Arnaud Desplechin"
        },
        {
            "englishTitle": "La Captive",
            "director": "Chantal Akerman"
        },
        {
            "englishTitle": "Man On The Moon",
            "director": "Milos Forman"
        },
        {
            "englishTitle": "Mission To Mars",
            "director": "Brian de Palma"
        },
        {
            "englishTitle": "In The Mood For Love",
            "director": "Wong Kar Wai"
        },
        {
            "englishTitle": "M/other",
            "director": "Nobuhiro Suwa"
        },
        {
            "englishTitle": "Virgin Suicides",
            "director": "Sofia Coppola"
        },
        {
            "englishTitle": "Yi Yi",
            "director": "Edward Yang"
        },
        {
            "englishTitle": "Space Cowboys",
            "director": "Clint Eastwood"
        },
        {
            "englishTitle": "Les Savates de Bon Dieu",
            "director": "Jean-Claude Brisseau"
        },
        {
            "englishTitle": "Saraband",
            "director": "Ingmar Bergman"
        }
    ],
    "1990s": [
        {
            "englishTitle": "Carlito's Way",
            "director": "Brian De Palma",
            "year": 1994
        },
        {
            "englishTitle": "Goodbye South, Goodbye",
            "director": "Hou Hsiao-hsien",
            "year": 1997
        },
        {
            "englishTitle": "The Bridges of Madison County",
            "director": "Clint Eastwood",
            "year": 1995
        },
        {
            "englishTitle": "Eyes Wide Shut",
            "director": "Stanley Kubrick",
            "year": 1999
        },
        {
            "englishTitle": "Twin Peaks",
            "director": "David Lynch",
            "year": 1990
        },
        {
            "englishTitle": "Close-Up",
            "director": "Abbas Kiarostami",
            "year": 1991
        },
        {
            "englishTitle": "Unforgiven",
            "director": "Clint Eastwood",
            "year": 1992
        },
        {
            "englishTitle": "Crash",
            "director": "David Cronenberg",
            "year": 1996
        },
        {
            "englishTitle": "Edward Scissorhands",
            "director": "Tim Burton",
            "year": 1991
        },
        {
            "englishTitle": "The River",
            "director": "Tsai Ming-liang",
            "year": 1997
        },
        {
            "englishTitle": "The Little Criminal",
            "director": "Jacques Doillon",
            "year": 1990
        },
        {
            "englishTitle": "Freeze, Die, Come To Life",
            "director": "Vitali Kanevski",
            "year": 1990
        },
        {
            "englishTitle": "Nouvelle Vauge",
            "director": "Jean-Luc Godard",
            "year": 1990
        },
        {
            "englishTitle": "Goodfellas",
            "director": "Martin Scorsese",
            "year": 1990
        },
        {
            "englishTitle": "Alexanndria Encore Et Tojours",
            "director": "Youssef Chahine",
            "year": 1990
        },
        {
            "englishTitle": "No, Or The Vain Glory Of Command",
            "director": "Manoel De Oliveira",
            "year": 1990
        },
        {
            "englishTitle": "Hidden Star",
            "director": "Ritwik Ghatak",
            "year": 1990
        },
        {
            "englishTitle": "Dreams",
            "director": "Akira Kurosawa",
            "year": 1990
        },
        {
            "englishTitle": "La Desenchantee",
            "director": "Benoit Jacquot",
            "year": 1990
        },
        {
            "englishTitle": "Crimes And Misdemeanors",
            "director": "Woody Allen",
            "year": 1990
        },
        {
            "englishTitle": "Van Gogh",
            "director": "Maurice Pialat",
            "year": 1991
        },
        {
            "englishTitle": "Miller's Crossing",
            "director": "Ethan Coen, Joel Coen",
            "year": 1991
        },
        {
            "englishTitle": "Barton Fink",
            "director": "Ethan Coen, Joel Coen",
            "year": 1991
        },
        {
            "englishTitle": "The Godfather Part 3",
            "director": "Francis Ford Coppola",
            "year": 1991
        },
        {
            "englishTitle": "J' entends plus la guitare",
            "director": "Philippe Garrel",
            "year": 1991
        },
        {
            "englishTitle": "Rhapsody in August",
            "director": "Akira Kurosawa",
            "year": 1991
        },
        {
            "englishTitle": "Les amants du Pont-Neuf",
            "director": "Leos Carax",
            "year": 1991
        },
        {
            "englishTitle": "Paris s'eveille",
            "director": "Olivier Assayas",
            "year": 1991
        },
        {
            "englishTitle": "Agantuk",
            "director": " Satyajit Ray",
            "year": 1992
        },
        {
            "englishTitle": "And Life Goes On...",
            "director": "Abbas Kiarostami",
            "year": 1992
        },
        {
            "englishTitle": "Husbands and Wives",
            "director": "Woody Allen",
            "year": 1992
        },
        {
            "englishTitle": "Savage Nights",
            "director": "Cyril Collard",
            "year": 1992
        },
        {
            "englishTitle": "Border Line",
            "director": "Danihle Dubroux",
            "year": 1992
        },
        {
            "englishTitle": "La sentinelle",
            "director": "Arnaud Desplechin",
            "year": 1992
        },
        {
            "englishTitle": "Conte d'hiver",
            "director": "Eric Rohmer",
            "year": 1992
        },
        {
            "englishTitle": "La chasse aux papillons",
            "director": "Otar Iosseliani",
            "year": 1992
        },
        {
            "englishTitle": "A Brighter Summer Day",
            "director": "Edward Yang",
            "year": 1992
        },
        {
            "englishTitle": "Le chene",
            "director": "Lucian Pintille",
            "year": 1992
        },
        {
            "englishTitle": "Le mirage",
            "director": "Jean-Claude Guiguet",
            "year": 1992
        },
        {
            "englishTitle": "La maison du sourire",
            "director": "Marco Ferreri",
            "year": 1992
        },
        {
            "englishTitle": "A Perfect World",
            "director": "Clint Eastwood",
            "year": 1993
        },
        {
            "englishTitle": "Valley of Abraham",
            "director": "Manoel De Oliveira",
            "year": 1993
        },
        {
            "englishTitle": "The Tree, The Mayor And The Mediatheque",
            "director": "Eric Rohmer",
            "year": 1993
        },
        {
            "englishTitle": "Smoking/No Smoking",
            "director": "Alain Resnais",
            "year": 1993
        },
        {
            "englishTitle": "In The Land Of The Deaf",
            "director": "Nicolas Philbert",
            "year": 1993
        },
        {
            "englishTitle": "Days And Nights In The Forest",
            "director": "Satyajit Ray",
            "year": 1993
        },
        {
            "englishTitle": "Mad Dog And Glory",
            "director": "John McNaughton",
            "year": 1993
        },
        {
            "englishTitle": "Innocent Blood",
            "director": "John Landis",
            "year": 1993
        },
        {
            "englishTitle": "Bad Lieutenant",
            "director": "Abel Ferrara",
            "year": 1993
        },
        {
            "englishTitle": "Helas Pour Moi",
            "director": "Jean-Luc Godard",
            "year": 1993
        },
        {
            "englishTitle": "Caro Diario",
            "director": "Nanni Moretti",
            "year": 1994
        },
        {
            "englishTitle": "I Can't Sleep",
            "director": "Claire Denis",
            "year": 1994
        },
        {
            "englishTitle": "Wild Reeds",
            "director": "Andre Techine",
            "year": 1994
        },
        {
            "englishTitle": "Tim Burton's Nightmare Before Christmas",
            "director": "Henry Selick",
            "year": 1994
        },
        {
            "englishTitle": "Travolta And Me",
            "director": "Patricia Mazuy",
            "year": 1994
        },
        {
            "englishTitle": "L'Enfer",
            "director": "Claude Chabrol",
            "year": 1994
        },
        {
            "englishTitle": "Jeanne La Pucelle",
            "director": "Jacques Rivette",
            "year": 1994
        },
        {
            "englishTitle": "U.S. Go Home",
            "director": "Claire Denis",
            "year": 1994
        },
        {
            "englishTitle": "Coming To Terms With The Dead",
            "director": "Pascale Ferran",
            "year": 1994
        },
        {
            "englishTitle": "M Butterfly",
            "director": "David Cronenberg",
            "year": 1994
        },
        {
            "englishTitle": "La Ceremonie",
            "director": "Claude Chabrol",
            "year": 1995
        },
        {
            "englishTitle": "Le Garcu",
            "director": "Maurice Pialat",
            "year": 1995
        },
        {
            "englishTitle": "Waati",
            "director": "Souleymane Cisse",
            "year": 1995
        },
        {
            "englishTitle": "Oublie-Moi",
            "director": "Noemie Lvovsky",
            "year": 1995
        },
        {
            "englishTitle": "The Flower Of My Secret",
            "director": "Pedro Almodovar",
            "year": 1995
        },
        {
            "englishTitle": "Sonatine",
            "director": "Takeshi Kitano",
            "year": 1995
        },
        {
            "englishTitle": "Ed Wood",
            "director": "Tim Burton",
            "year": 1995
        },
        {
            "englishTitle": "Through The Olive Trees",
            "director": "Abbas Kiarostami",
            "year": 1995
        },
        {
            "englishTitle": "In The Mouth Of Madness",
            "director": "John Carpenter",
            "year": 1995
        },
        {
            "englishTitle": "For Ever Mozart",
            "director": "Jean-Luc Godard",
            "year": 1996
        },
        {
            "englishTitle": "Casino",
            "director": "Martin Scorsese",
            "year": 1996
        },
        {
            "englishTitle": "Comment je me suis dispute...",
            "director": "Arnaud Desplechin",
            "year": 1996
        },
        {
            "englishTitle": "La comedie de dieu",
            "director": "Joao Cesar Monteiro",
            "year": 1996
        },
        {
            "englishTitle": "Dead Man",
            "director": "Jim Jarmusch",
            "year": 1996
        },
        {
            "englishTitle": "Les voleurs",
            "director": "Andre Techine",
            "year": 1996
        },
        {
            "englishTitle": "Mission: Impossible",
            "director": "Brian DePalma",
            "year": 1996
        },
        {
            "englishTitle": "Encore",
            "director": "Pascal Bonitzer",
            "year": 1996
        },
        {
            "englishTitle": "Parfait amour",
            "director": "Catherine Breillat",
            "year": 1996
        },
        {
            "englishTitle": "N'oublie pas que tu vas mourir",
            "director": "Xavier Beauvois",
            "year": 1996
        },
        {
            "englishTitle": "Hana-Bi",
            "director": "Takeshi Kitano",
            "year": 1997
        },
        {
            "englishTitle": "Lost Highway",
            "director": "David Lynch",
            "year": 1997
        },
        {
            "englishTitle": "The Eel",
            "director": "Shohei Imamura",
            "year": 1997
        },
        {
            "englishTitle": "The Taste of Cherry",
            "director": "Abbas Kiarostami",
            "year": 1997
        },
        {
            "englishTitle": "On connait la chanson",
            "director": "Alain Resnais",
            "year": 1997
        },
        {
            "englishTitle": "Le Septieme Ciel",
            "director": "Benoit Jacquot",
            "year": 1997
        },
        {
            "englishTitle": "Face/Off",
            "director": "John Woo",
            "year": 1997
        },
        {
            "englishTitle": "Scream",
            "director": "Wes Craven",
            "year": 1997
        },
        {
            "englishTitle": "Happy Together",
            "director": "Wong Kar Wai",
            "year": 1997
        },
        {
            "englishTitle": "Flowers of Shanghai",
            "director": "Hou Hsiao-hsien",
            "year": 1998
        },
        {
            "englishTitle": "Dr. Akagi",
            "director": "Shohei Imamura",
            "year": 1998
        },
        {
            "englishTitle": "Midnight in the Garden of Good and Evil",
            "director": "Clint Eastwood",
            "year": 1998
        },
        {
            "englishTitle": "Conte d'automne",
            "director": "Eric Rohmer",
            "year": 1998
        },
        {
            "englishTitle": "Inquiétude",
            "director": "Manoel de Oliveira",
            "year": 1998
        },
        {
            "englishTitle": "Sue",
            "director": "Amos Kollek",
            "year": 1998
        },
        {
            "englishTitle": "L'Ennui",
            "director": "Cédric Kahn",
            "year": 1998
        },
        {
            "englishTitle": "Velvet Goldmine",
            "director": "Todd Haynes",
            "year": 1998
        },
        {
            "englishTitle": "Snake Eyes",
            "director": "Brian De Palma",
            "year": 1998
        },
        {
            "englishTitle": "Ossos",
            "director": "Pedro Costa",
            "year": 1998
        },
        {
            "englishTitle": "Titanic",
            "director": "James Cameron",
            "year": 1998
        },
        {
            "englishTitle": "Jackie Brown",
            "director": "Quentin Tarantino",
            "year": 1998
        },
        {
            "englishTitle": "L'Arrière Pays",
            "director": "Jacques Nolot",
            "year": 1998
        },
        {
            "englishTitle": "The Wind Will Carry Us",
            "director": "Abbas Kiarostami",
            "year": 1999
        },
        {
            "englishTitle": "Sicilia!",
            "director": "Jean-Marie Straub, Daniele Huillet",
            "year": 1999
        },
        {
            "englishTitle": "eXistenZ",
            "director": "David Cronenberg",
            "year": 1999
        },
        {
            "englishTitle": "Night Wind",
            "director": "Philippe Garrel",
            "year": 1999
        },
        {
            "englishTitle": "True Crime",
            "director": "Clint Eastwood",
            "year": 1999
        },
        {
            "englishTitle": "The Letter",
            "director": "Manoel de Oliveira",
            "year": 1999
        },
        {
            "englishTitle": "The Straight Story",
            "director": "David Lynch",
            "year": 1999
        },
        {
            "englishTitle": "Ghost Dog",
            "director": "Jim Jarmusch",
            "year": 1999
        },
        {
            "englishTitle": "Les Noces de Dieu",
            "director": "Joao César Monteiro",
            "year": 1999
        }
    ],
    "1980s": [
        {
            "englishTitle": "Francisca",
            "director": "Manoel De Oliveira",
            "year": 1981
        },
        {
            "englishTitle": "The Aviator's Wife",
            "director": "Eric Rohmer",
            "year": 1981
        },
        {
            "englishTitle": "Tragedy of a Ridiculous Man",
            "director": "Bernardo Bertolucci",
            "year": 1981
        },
        {
            "englishTitle": "Hotel Des Ameriques",
            "director": "Andre Techine",
            "year": 1981
        },
        {
            "englishTitle": "Germany, Pale Mother",
            "director": "Helke Sanders",
            "year": 1981
        },
        {
            "englishTitle": "The Woman Next Door",
            "director": "Francois Truffaut",
            "year": 1981
        },
        {
            "englishTitle": "Stalker",
            "director": "Andrei Tarkovsky",
            "year": 1981
        },
        {
            "englishTitle": "The Music Room",
            "director": "Satyajit Ray",
            "year": 1981
        },
        {
            "englishTitle": "Raging Bull",
            "director": "Martin Scorsese",
            "year": 1981
        },
        {
            "englishTitle": "Palermo",
            "director": "Werner Schroeter",
            "year": 1981
        },
        {
            "englishTitle": "Girum Imus Nocte et Consuminur Igni",
            "director": "Guy Debord",
            "year": 1981
        },
        {
            "englishTitle": "Gloria",
            "director": "John Cassavetes",
            "year": 1981
        },
        {
            "englishTitle": "Les Ailes de la Colombe",
            "director": "Benoit Jacquot",
            "year": 1981
        },
        {
            "englishTitle": "A Room In Town",
            "director": "Jacques Demy",
            "year": 1982
        },
        {
            "englishTitle": "Moonlighting",
            "director": "Jerzy Skolimowski",
            "year": 1982
        },
        {
            "englishTitle": "Passion",
            "director": "Jean-Luc Godard",
            "year": 1982
        },
        {
            "englishTitle": "White Dog",
            "director": "Sam Fuller",
            "year": 1982
        },
        {
            "englishTitle": "Identification of a Woman",
            "director": "Michaelangelo Antonioni",
            "year": 1982
        },
        {
            "englishTitle": "North Bridge",
            "director": "Jacques Rivette",
            "year": 1982
        },
        {
            "englishTitle": "The Color of Pomegranates",
            "director": "Sergei Paradjanov",
            "year": 1982
        },
        {
            "englishTitle": "Parsifal",
            "director": "Hans-Jurgen Syberberg",
            "year": 1982
        },
        {
            "englishTitle": "Three Crowns of the Sailor",
            "director": "Raoul Ruiz",
            "year": 1982
        },
        {
            "englishTitle": "Le Beau Mariage",
            "director": "Eric Rohmer",
            "year": 1982
        },
        {
            "englishTitle": "L'Argent",
            "director": "Robert Bresson",
            "year": 1983
        },
        {
            "englishTitle": "A Nos Amours",
            "director": "Maurice Pialat",
            "year": 1983
        },
        {
            "englishTitle": "Merry Christmas, Mr. Lawrence",
            "director": "Nagisa Oshima",
            "year": 1983
        },
        {
            "englishTitle": "Un Jeu Brutal",
            "director": "Jean-Claude Brisseau",
            "year": 1983
        },
        {
            "englishTitle": "Pauline At The Beach",
            "director": "Eric Rohmer",
            "year": 1983
        },
        {
            "englishTitle": "The King Of Comedy",
            "director": "Martin Scorsese",
            "year": 1983
        },
        {
            "englishTitle": "Three Crowns Of The Sailor",
            "director": "Raoul Ruiz",
            "year": 1983
        },
        {
            "englishTitle": "Faux-Fuyants",
            "director": "Alain Bergala/Jean-Pierre Limosin",
            "year": 1983
        },
        {
            "englishTitle": "L'Enfant Secret",
            "director": "Philippe Garrel",
            "year": 1983
        },
        {
            "englishTitle": "Fanny And Alexander",
            "director": "Ingmar Bergman",
            "year": 1983
        },
        {
            "englishTitle": "Cracking Up",
            "director": "Jerry Lewis",
            "year": 1983
        },
        {
            "englishTitle": "Full Moon In Paris",
            "director": "Eric Rohmer",
            "year": 1984
        },
        {
            "englishTitle": "Class Relations",
            "director": "Jean-Marie Straub/Daneille Huillet",
            "year": 1984
        },
        {
            "englishTitle": "Liberte La Nuit",
            "director": "Philippe Garrel",
            "year": 1984
        },
        {
            "englishTitle": "First Name: Carmen",
            "director": "Jean-Luc Godard",
            "year": 1984
        },
        {
            "englishTitle": "Biquefarre",
            "director": "Georges Rouquier",
            "year": 1984
        },
        {
            "englishTitle": "Rumble Fish",
            "director": "Francis Ford Coppola",
            "year": 1984
        },
        {
            "englishTitle": "And The Ship Sails On",
            "director": "Federico Fellini",
            "year": 1984
        },
        {
            "englishTitle": "The Right Stuff",
            "director": "Phillip Kaufman",
            "year": 1984
        },
        {
            "englishTitle": "Paris, Texas",
            "director": "Wim Wenders",
            "year": 1984
        },
        {
            "englishTitle": "Once Upon A Time In America",
            "director": "Sergio Leone",
            "year": 1984
        },
        {
            "englishTitle": "Hail Mary",
            "director": "Jean-Luc Godard",
            "year": 1985
        },
        {
            "englishTitle": "Detective",
            "director": "Jean-Luc Godard",
            "year": 1985
        },
        {
            "englishTitle": "Year Of The Dragon",
            "director": "Michael Cimino",
            "year": 1985
        },
        {
            "englishTitle": "After The Rehearsal",
            "director": "Ingmar Bergman",
            "year": 1985
        },
        {
            "englishTitle": "Love Streams",
            "director": "John Cassavetes",
            "year": 1985
        },
        {
            "englishTitle": "The Home And The World",
            "director": "Satyajit Ray",
            "year": 1985
        },
        {
            "englishTitle": "Les Amants Terribles",
            "director": "Daniele Dubroux",
            "year": 1985
        },
        {
            "englishTitle": "Les Enfants",
            "director": "Marguerite Duras",
            "year": 1985
        },
        {
            "englishTitle": "Ran",
            "director": "Akira Kurosawa",
            "year": 1985
        },
        {
            "englishTitle": "Rendezvous",
            "director": "Andre Techine",
            "year": 1985
        },
        {
            "englishTitle": "Favorites Of The Moon",
            "director": "Otar Iasselani",
            "year": 1985
        },
        {
            "englishTitle": "The Green Ray",
            "director": "Eric Rohmer",
            "year": 1986
        },
        {
            "englishTitle": "Legend Of Suram Fortreess",
            "director": "Sergei Paradjanov",
            "year": 1986
        },
        {
            "englishTitle": "The Sacrifice",
            "director": "Andrei Tarkovsky",
            "year": 1986
        },
        {
            "englishTitle": "Double Messieurs",
            "director": "Jean-Francois Stevenin",
            "year": 1986
        },
        {
            "englishTitle": "Bad Blood",
            "director": "Leos Carax",
            "year": 1986
        },
        {
            "englishTitle": "Maine-Ocean",
            "director": "Jacques Rozier",
            "year": 1986
        },
        {
            "englishTitle": "Therese",
            "director": "Alain Cavalier",
            "year": 1986
        },
        {
            "englishTitle": "Scene Of The Crime",
            "director": "Andre Techine",
            "year": 1986
        },
        {
            "englishTitle": "Disorder",
            "director": "Olivier Assayas",
            "year": 1986
        },
        {
            "englishTitle": "Garden De La Nuit",
            "director": "Jean-Pierre Limosin",
            "year": 1986
        },
        {
            "englishTitle": "L'Ame-Soeur",
            "director": "Fredi Murer",
            "year": 1986
        },
        {
            "englishTitle": "After Hours",
            "director": "Martin Scorsese",
            "year": 1986
        },
        {
            "englishTitle": "Rise And Fall Of A Small Cinema Company",
            "director": "Jean-Luc Godard",
            "year": 1986
        },
        {
            "englishTitle": "Under The Sun Of Satan",
            "director": "Maurice Pialat",
            "year": 1987
        },
        {
            "englishTitle": "Wings Of Desire",
            "director": "Wim Wenders",
            "year": 1987
        },
        {
            "englishTitle": "Intervista",
            "director": "Federico Fellini",
            "year": 1987
        },
        {
            "englishTitle": "The Death Of Empedocles",
            "director": "Jean-Marie Straub/Daniele Huillet",
            "year": 1987
        },
        {
            "englishTitle": "The Last Emperor",
            "director": "Bernardo Bertolucci",
            "year": 1987
        },
        {
            "englishTitle": "Yeelen",
            "director": "Souleymane Cisse",
            "year": 1987
        },
        {
            "englishTitle": "Four Adventures Of Reinette And Mirabelle",
            "director": "Eric Rohmer",
            "year": 1987
        },
        {
            "englishTitle": "Full Metal Jacket",
            "director": "Stanley Kubrick",
            "year": 1987
        },
        {
            "englishTitle": "The Mass Is Over",
            "director": "Nanni Moretti",
            "year": 1987
        },
        {
            "englishTitle": "Wedding In Galilee",
            "director": "Michel Khleifi",
            "year": 1987
        },
        {
            "englishTitle": "Un Adieu Portugais",
            "director": "Joao Botelho",
            "year": 1987
        },
        {
            "englishTitle": "The Color Of Money",
            "director": "Martin Scorsese",
            "year": 1987
        },
        {
            "englishTitle": "Blue Velvet",
            "director": "David Lynch",
            "year": 1987
        },
        {
            "englishTitle": "King Lear",
            "director": "Jean-Luc Godard",
            "year": 1987
        },
        {
            "englishTitle": "A Short Film About Killing",
            "director": "Krzysztof Kieslowski",
            "year": 1988
        },
        {
            "englishTitle": "The Unbearable Lightness Of Being",
            "director": "Phillip Kaufman",
            "year": 1988
        },
        {
            "englishTitle": "The Dead",
            "director": "John Huston",
            "year": 1988
        },
        {
            "englishTitle": "Urgences",
            "director": "Raymond Depardon",
            "year": 1988
        },
        {
            "englishTitle": "Bird",
            "director": "Clint Eastwood",
            "year": 1988
        },
        {
            "englishTitle": "Landscape In The Mist",
            "director": "Theo Angelopolous",
            "year": 1988
        },
        {
            "englishTitle": "De Bruit Et De Fureur",
            "director": "Jean-Claude Brisseau",
            "year": 1988
        },
        {
            "englishTitle": "The Last Temptation Of Christ",
            "director": "Martin Scorsese",
            "year": 1988
        },
        {
            "englishTitle": "Les Innocents",
            "director": "Andre Techine",
            "year": 1988
        },
        {
            "englishTitle": "The Story Of Women",
            "director": "Claude Chabrol",
            "year": 1988
        },
        {
            "englishTitle": "Do The Right Thing",
            "director": "Spike Lee",
            "year": 1989
        },
        {
            "englishTitle": "Palombella Rossa",
            "director": "Nanni Moretti",
            "year": 1989
        },
        {
            "englishTitle": "Gang Of Four",
            "director": "Jacques Rivette",
            "year": 1989
        },
        {
            "englishTitle": "Dead Ringers",
            "director": "David Cronenberg",
            "year": 1989
        },
        {
            "englishTitle": "Les Cannibales",
            "director": "Manoel De Oliveira",
            "year": 1989
        },
        {
            "englishTitle": "Yaaba",
            "director": "Idrissa Ouedraogo",
            "year": 1989
        },
        {
            "englishTitle": "Black Rain",
            "director": "Shohei Imamura",
            "year": 1989
        },
        {
            "englishTitle": "Peaux De Vaches",
            "director": "Patricia Mazuy",
            "year": 1989
        },
        {
            "englishTitle": "Little Vera",
            "director": "Vassili Pitchoul",
            "year": 1989
        },
        {
            "englishTitle": "I Want To Go Home",
            "director": "Alain Resnais",
            "year": 1989
        },
        {
            "englishTitle": "Time Of The Gypsies",
            "director": "Emir Kusturica",
            "year": 1989
        },
        {
            "englishTitle": "The Accidental Tourist",
            "director": "Lawrence Kasdan",
            "year": 1989
        }
    ],
    "1960s": [
        {
            "englishTitle": "Sansho The Bailiff",
            "director": "Kenji Mizoguchi",
            "year": 1960
        },
        {
            "englishTitle": "L'avventura",
            "director": "Michaelangelo Antonioni",
            "year": 1960
        },
        {
            "englishTitle": "Breathless",
            "director": "Jean-Luc Godard",
            "year": 1960
        },
        {
            "englishTitle": "Shoot The Piano Player",
            "director": "Francois Truffaut",
            "year": 1960
        },
        {
            "englishTitle": "Poem Of The Sea",
            "director": "Alexander Dovzhenko, Julia Solntesva",
            "year": 1960
        },
        {
            "englishTitle": "Les Bonnes Femmes",
            "director": "Claude Chabrol",
            "year": 1960
        },
        {
            "englishTitle": "Nazarin",
            "director": "Luis Bunuel",
            "year": 1960
        },
        {
            "englishTitle": "Moonfleet",
            "director": "Fritz Lang",
            "year": 1960
        },
        {
            "englishTitle": "Psycho",
            "director": "Alfred Hitchcock",
            "year": 1960
        },
        {
            "englishTitle": "Le Trou",
            "director": "Jacques Becker",
            "year": 1960
        },
        {
            "englishTitle": "Lola",
            "director": "Jacques Demy",
            "year": 1961
        },
        {
            "englishTitle": "A Woman Is A Woman",
            "director": "Jean-Luc Godard",
            "year": 1961
        },
        {
            "englishTitle": "Paris Belongs To Us",
            "director": "Jacques Rivette",
            "year": 1961
        },
        {
            "englishTitle": "Rocco And His Brothers",
            "director": "Luchino Visconti",
            "year": 1961
        },
        {
            "englishTitle": "Shin Heike Monogotari",
            "director": "Kenji Mizoguchi",
            "year": 1961
        },
        {
            "englishTitle": "At Great Cost",
            "director": "Mark Donskoi",
            "year": 1961
        },
        {
            "englishTitle": "La Notte",
            "director": "Michaelangelo Antonioni",
            "year": 1961
        },
        {
            "englishTitle": "Last Year At Marienbad",
            "director": "Alain Resnais",
            "year": 1961
        },
        {
            "englishTitle": "Elmer Gantry",
            "director": "Richard Brooks",
            "year": 1961
        },
        {
            "englishTitle": "Two Rode Together",
            "director": "John Ford",
            "year": 1961
        },
        {
            "englishTitle": "My Life To Live",
            "director": "Jean-Luc Godard",
            "year": 1962
        },
        {
            "englishTitle": "Jules and Jim",
            "director": "Francois Truffaut",
            "year": 1962
        },
        {
            "englishTitle": "Hatari!",
            "director": "Howard Hawks",
            "year": 1962
        },
        {
            "englishTitle": "Viridiana",
            "director": "Luis Bunuel",
            "year": 1962
        },
        {
            "englishTitle": "Le Signe Du Lion",
            "director": "Eric Rohmer",
            "year": 1962
        },
        {
            "englishTitle": "Wild River",
            "director": "Elia Kazan",
            "year": 1962
        },
        {
            "englishTitle": "The Trial",
            "director": "Orson Welles",
            "year": 1962
        },
        {
            "englishTitle": "Through A Glass Darkly",
            "director": "Ingmar Bergman",
            "year": 1962
        },
        {
            "englishTitle": "The Elusive Corporal",
            "director": "Jean Renoir",
            "year": 1962
        },
        {
            "englishTitle": "Vanina Vanini",
            "director": "Roberto Rossellini",
            "year": 1962
        },
        {
            "englishTitle": "Contempt",
            "director": "Jean-Luc Godard",
            "year": 1963
        },
        {
            "englishTitle": "The Birds",
            "director": "Alfred Hitchcock",
            "year": 1963
        },
        {
            "englishTitle": "The Exterminating Angel",
            "director": "Luis Bunuel",
            "year": 1963
        },
        {
            "englishTitle": "Adieu Philippine",
            "director": "Jacques Rozier",
            "year": 1963
        },
        {
            "englishTitle": "The Trial Of Joan Of Arc",
            "director": "Robert Bresson",
            "year": 1963
        },
        {
            "englishTitle": "Muriel",
            "director": "Alain Resnais",
            "year": 1963
        },
        {
            "englishTitle": "The Nutty Professor",
            "director": "Jerry Lewis",
            "year": 1963
        },
        {
            "englishTitle": "Les Carabiniers",
            "director": "Jean-Luc Godard",
            "year": 1963
        },
        {
            "englishTitle": "Salvatore Giuliano",
            "director": "Francesco Rosi",
            "year": 1963
        },
        {
            "englishTitle": "8½",
            "director": "Federico Fellini",
            "year": 1963
        },
        {
            "englishTitle": "Band Of Outsiders",
            "director": "Jean-Luc Godard",
            "year": 1964
        },
        {
            "englishTitle": "Getrud",
            "director": "Carl Dreyer",
            "year": 1964
        },
        {
            "englishTitle": "Marnie",
            "director": "Alfred Hitchcock",
            "year": 1964
        },
        {
            "englishTitle": "A Married Woman",
            "director": "Jean-Luc Godard",
            "year": 1964
        },
        {
            "englishTitle": "Man's Favorite Sport?",
            "director": "Howard Hawks",
            "year": 1964
        },
        {
            "englishTitle": "Red Desert",
            "director": "Michaelangelo Antonioni",
            "year": 1964
        },
        {
            "englishTitle": "America, America",
            "director": "Elia Kazan",
            "year": 1964
        },
        {
            "englishTitle": "The Silence",
            "director": "Ingmar Bergman",
            "year": 1964
        },
        {
            "englishTitle": "Now About These Women",
            "director": "Ingmar Bergman",
            "year": 1964
        },
        {
            "englishTitle": "The Servant",
            "director": "Joseph Losey",
            "year": 1964
        },
        {
            "englishTitle": "Pierrot Le Fou",
            "director": "Jean-Luc Godard",
            "year": 1965
        },
        {
            "englishTitle": "Sandra",
            "director": "Luchino Visconti",
            "year": 1965
        },
        {
            "englishTitle": "Winter Light",
            "director": "Ingmar Bergman",
            "year": 1965
        },
        {
            "englishTitle": "Paris Vu Par...",
            "director": "Jean Rouch episode",
            "year": 1965
        },
        {
            "englishTitle": "Alphaville",
            "director": "Jean-Luc Godard",
            "year": 1965
        },
        {
            "englishTitle": "Lilith",
            "director": "Robert Rossen",
            "year": 1965
        },
        {
            "englishTitle": "Shock Corridor",
            "director": "Sam Fuller",
            "year": 1965
        },
        {
            "englishTitle": "The Family Jewels",
            "director": "Jerry Lewis",
            "year": 1965
        },
        {
            "englishTitle": "The Gospel According To St. Matthew",
            "director": "Pier Paolo Pasolini",
            "year": 1965
        },
        {
            "englishTitle": "Le Bonheur",
            "director": "Agnes Varda",
            "year": 1965
        },
        {
            "englishTitle": "Au Hasard Balthazar",
            "director": "Robert Bresson",
            "year": 1966
        },
        {
            "englishTitle": "Walkover",
            "director": "Jerzy Skolimowski",
            "year": 1966
        },
        {
            "englishTitle": "Not Reconciled",
            "director": "Jean-Marie Straub",
            "year": 1966
        },
        {
            "englishTitle": "Masculin Feminin",
            "director": "Jean-Luc Godard",
            "year": 1966
        },
        {
            "englishTitle": "The Man Who Had His Hair Cut Short",
            "director": "Andre Delvaux",
            "year": 1966
        },
        {
            "englishTitle": "Seven Women",
            "director": "John Ford",
            "year": 1966
        },
        {
            "englishTitle": "The Rise To Power Of Louis XIV",
            "director": "Roberto Rossellini",
            "year": 1966
        },
        {
            "englishTitle": "Torn Curtain",
            "director": "Alfred Hitchcock",
            "year": 1966
        },
        {
            "englishTitle": "Red Line 7000",
            "director": "Howard Hawks",
            "year": 1966
        },
        {
            "englishTitle": "Fist In The Pocket",
            "director": "Marco Bellochio",
            "year": 1966
        },
        {
            "englishTitle": "Persona",
            "director": "Ingmar Bergman",
            "year": 1967
        },
        {
            "englishTitle": "Belle De Jour",
            "director": "Luis Bunuel",
            "year": 1967
        },
        {
            "englishTitle": "Weekend",
            "director": "Jean-Luc Godard",
            "year": 1967
        },
        {
            "englishTitle": "La Chasse Au Lion D'Arc",
            "director": "Jean Rouch",
            "year": 1967
        },
        {
            "englishTitle": "Playtime",
            "director": "Jacques Tati",
            "year": 1967
        },
        {
            "englishTitle": "The Big Mouth",
            "director": "Jerry Lewis",
            "year": 1967
        },
        {
            "englishTitle": "Daisies",
            "director": "Vera Chytilova",
            "year": 1967
        },
        {
            "englishTitle": "The Nun",
            "director": "Jacques Rivette",
            "year": 1967
        },
        {
            "englishTitle": "2 Or 3 Things I Know About Her",
            "director": "Jean-Luc Godard",
            "year": 1967
        },
        {
            "englishTitle": "Le Chinoise",
            "director": "Jean-Luc Godard",
            "year": 1967
        },
        {
            "englishTitle": "Chronicle Of Anna-Magdalena Bach",
            "director": "Jean-Marie Straub",
            "year": 1968
        },
        {
            "englishTitle": "Before The Revolution",
            "director": "Bernardo Bertolucci",
            "year": 1968
        },
        {
            "englishTitle": "The Edge",
            "director": "Robert Kramer",
            "year": 1968
        },
        {
            "englishTitle": "Toby Damnit",
            "director": "Federico Fellini",
            "year": 1968
        },
        {
            "englishTitle": "Don't Let It Kill You",
            "director": "Jean-Pierre Lefebvre",
            "year": 1968
        },
        {
            "englishTitle": "Le Regne De Jour",
            "director": "Pierre Perrault",
            "year": 1968
        },
        {
            "englishTitle": "Barrier",
            "director": "Jerzy Skolimowski",
            "year": 1968
        },
        {
            "englishTitle": "Stolen Kisses",
            "director": "Francois Truffaut",
            "year": 1968
        },
        {
            "englishTitle": "Ride In The Whirlwind",
            "director": "Monte Hellman",
            "year": 1968
        },
        {
            "englishTitle": "The Bride Wore Black",
            "director": "Francois Truffaut",
            "year": 1968
        },
        {
            "englishTitle": "Les Contrebandiers",
            "director": "Luc Moullet",
            "year": 1968
        }
    ],
    "1950s": [
        {
            "englishTitle": "The River",
            "director": "Jean Renoir",
            "year": 1951
        },
        {
            "englishTitle": "Diary Of A Country Priest",
            "director": "Robert Bresson",
            "year": 1951
        },
        {
            "englishTitle": "Miracle In Milan",
            "director": "Vittorio DeSica",
            "year": 1951
        },
        {
            "englishTitle": "Los Olvidados",
            "director": "Luis Bunuel",
            "year": 1951
        },
        {
            "englishTitle": "All About Eve",
            "director": "Joseph L. Mankiewicz",
            "year": 1951
        },
        {
            "englishTitle": "Miss Julie",
            "director": "Alf Sjoberg",
            "year": 1951
        },
        {
            "englishTitle": "Cronica Di Un Amore",
            "director": "Michaelangelo Antonioni",
            "year": 1951
        },
        {
            "englishTitle": "Sunset Boulevard",
            "director": "Billy Wilder",
            "year": 1951
        },
        {
            "englishTitle": "Edouard et Caroline",
            "director": "Jacques Becker",
            "year": 1951
        },
        {
            "englishTitle": "Francesco Giullare Di Dio",
            "director": "Roberto Rossellini",
            "year": 1951
        },
        {
            "englishTitle": "Voyage To Italy",
            "director": "Roberto Rossellini",
            "year": 1955
        },
        {
            "englishTitle": "Ordet",
            "director": "Carl Dreyer",
            "year": 1955
        },
        {
            "englishTitle": "The Big Knife",
            "director": "Robert Aldrich",
            "year": 1955
        },
        {
            "englishTitle": "Lola Montes",
            "director": "Max Ophuls",
            "year": 1955
        },
        {
            "englishTitle": "Rear Window",
            "director": "Alfred Hitchcock",
            "year": 1955
        },
        {
            "englishTitle": "Les Mauvais Recontres",
            "director": "Alexandre Astruc",
            "year": 1955
        },
        {
            "englishTitle": "La Strada",
            "director": "Federico Fellini",
            "year": 1955
        },
        {
            "englishTitle": "The Barefoot Contessa",
            "director": "Joseph L. Mankiewicz",
            "year": 1955
        },
        {
            "englishTitle": "Johnny Guitar",
            "director": "Nicholas Ray",
            "year": 1955
        },
        {
            "englishTitle": "Kiss Me Deadly",
            "director": "Robert Aldrich",
            "year": 1955
        },
        {
            "englishTitle": "A Man Escaped",
            "director": "Robert Bresson",
            "year": 1956
        },
        {
            "englishTitle": "Elena And Her Men",
            "director": "Jean Renoir",
            "year": 1956
        },
        {
            "englishTitle": "Rebel Without A Cause",
            "director": "Nicholas Ray",
            "year": 1956
        },
        {
            "englishTitle": "Confidential Report",
            "director": "Orson Welles",
            "year": 1956
        },
        {
            "englishTitle": "Senso",
            "director": "Luchino Visconti",
            "year": 1956
        },
        {
            "englishTitle": "Smiles Of A Summer Night",
            "director": "Ingmar Bergman",
            "year": 1956
        },
        {
            "englishTitle": "Il Bidone",
            "director": "Federico Fellini",
            "year": 1956
        },
        {
            "englishTitle": "L'Amore",
            "director": "Roberto Rossellini",
            "year": 1956
        },
        {
            "englishTitle": "Picnic",
            "director": "Joshua Logan",
            "year": 1956
        },
        {
            "englishTitle": "La Paura",
            "director": "Roberto Rossellini",
            "year": 1956
        },
        {
            "englishTitle": "A King In New York",
            "director": "Charlie Chaplin",
            "year": 1957
        },
        {
            "englishTitle": "Will Success Spoil Rock Hunter?",
            "director": "Frank Tashlin",
            "year": 1957
        },
        {
            "englishTitle": "Nights Of Cabiria",
            "director": "Federico Fellini",
            "year": 1957
        },
        {
            "englishTitle": "The Wrong Man",
            "director": "Alfred Hitchcock",
            "year": 1957
        },
        {
            "englishTitle": "The Criminal Life Of Archibaldo De La Cruz",
            "director": "Luis Bunuel",
            "year": 1957
        },
        {
            "englishTitle": "Sawdust And Tinsel",
            "director": "Ingmar Bergman",
            "year": 1957
        },
        {
            "englishTitle": "Bigger Than Life",
            "director": "Nicholas Ray",
            "year": 1957
        },
        {
            "englishTitle": "The Girl Can't Help It",
            "director": "Frank Tashlin",
            "year": 1957
        },
        {
            "englishTitle": "Beyond A Reasonable Doubt",
            "director": "Fritz Lang",
            "year": 1957
        },
        {
            "englishTitle": "Twelve Angry Men",
            "director": "Sidney Lumet",
            "year": 1957
        },
        {
            "englishTitle": "Touch Of Evil",
            "director": "Orson Welles",
            "year": 1958
        },
        {
            "englishTitle": "The Seventh Seal",
            "director": "Ingmar Bergman",
            "year": 1958
        },
        {
            "englishTitle": "White Nights",
            "director": "Luchino Visconti",
            "year": 1958
        },
        {
            "englishTitle": "Il Grido",
            "director": "Michaelangelo Antonioni",
            "year": 1958
        },
        {
            "englishTitle": "Bonjour Tristesse",
            "director": "Otto Preminger",
            "year": 1958
        },
        {
            "englishTitle": "Journey Into Autumn",
            "director": "Ingmar Bergman",
            "year": 1958
        },
        {
            "englishTitle": "Une Vie",
            "director": "Alexandre Astruc",
            "year": 1958
        },
        {
            "englishTitle": "Mon Oncle",
            "director": "Jacques Tati",
            "year": 1958
        },
        {
            "englishTitle": "The Quiet American",
            "director": "Joseph L. Mankiewicz",
            "year": 1958
        },
        {
            "englishTitle": "Summer Interlude",
            "director": "Ingmar Bergman",
            "year": 1958
        },
        {
            "englishTitle": "Ugetsu Monogatari",
            "director": "Kenji Mizoguchi",
            "year": 1959
        },
        {
            "englishTitle": "Hiroshima Mon Amour",
            "director": "Alain Resnais",
            "year": 1959
        },
        {
            "englishTitle": "Ivan The Terrible",
            "director": "Sergei Eisenstein",
            "year": 1959
        },
        {
            "englishTitle": "Pickpocket",
            "director": "Robert Bresson",
            "year": 1959
        },
        {
            "englishTitle": "The 400 Blows",
            "director": "Francois Truffaut",
            "year": 1959
        },
        {
            "englishTitle": "Rio Bravo",
            "director": "Howard Hawks",
            "year": 1959
        },
        {
            "englishTitle": "Wild Strawberries",
            "director": "Ingmar Bergman",
            "year": 1959
        },
        {
            "englishTitle": "Vertigo",
            "director": "Alfred Hitchcock",
            "year": 1959
        },
        {
            "englishTitle": "Princess Yang Kwei Fei",
            "director": "Kenji Mizoguchi",
            "year": 1959
        },
        {
            "englishTitle": "The Tiger Of Eschnapur",
            "director": "Fritz Lang",
            "year": 1959
        }
    ]
}