{
    "2015": [
        {
            "englishTitle": "Timbuktu",
            "director": "Abderrahmane Sissako",
            "award": "Best Film, Best Director, Best Screenplay"
        },
        {
            "englishTitle": "Love at First Fight",
            "originalTitle": "Les Combattants",
            "director": "Thomas Cailley",
            "award": "Best Actress"
        },
        {
            "englishTitle": "Eastern Boys",
            "director": "Robin Campillo"
        },
        {
            "englishTitle": "The Bélier Family",
            "originalTitle": "La Famille Bélier",
            "director": "Éric Lartigau"
        },
        {
            "englishTitle": "Hippocrates",
            "originalTitle": "Hippocrate",
            "director": "Thomas Lilti"
        },
        {
            "englishTitle": "Saint Laurent",
            "director": "Bertrand Bonello"
        },
        {
            "englishTitle": "Clouds of Sils Maria",
            "originalTitle": "Sils Maria",
            "director": "Olivier Assayas"
        },
        {
            "englishTitle": "Yves Saint Laurent",
            "director": "Jalil Lespert",
            "award": "Best Actor"
        },
        {
            "englishTitle": "Mommy",
            "director": "Xavier Dolan",
            "award": "Best Foreign Film"
        }
    ],
    "2014": [
        {
            "englishTitle": "Me, Myself and Mum",
            "originalTitle": "Les Garçons et Guillaume, à table!",
            "director": "Guillaume Gallienne",
            "award": "Best Film, Best Actor"
        },
        {
            "englishTitle": "9 Month Stretch",
            "originalTitle": "Neuf mois ferme",
            "director": "Albert Dupontel",
            "award": "Best Actress, Best Screenplay"
        },
        {
            "englishTitle": "Blue Is the Warmest Colour",
            "originalTitle": "La Vie d'Adèle",
            "director": "Abdellatif Kechiche"
        },
        {
            "englishTitle": "Jimmy P",
            "director": "Arnaud Desplechin"
        },
        {
            "englishTitle": "The Past",
            "originalTitle": "Le Passé",
            "director": "Asghar Farhadi"
        },
        {
            "englishTitle": "Stranger by the Lake",
            "originalTitle": "L'Inconnu du lac",
            "director": "Alain Guiraudie"
        },
        {
            "englishTitle": "Venus in Fur",
            "originalTitle": "La Vénus à la fourrure",
            "director": "Roman Polanski",
            "award": "Best Director"
        },
        {
            "englishTitle": "The Broken Circle Breakdown",
            "director": "Felix Van Groeningen",
            "award": "Best Foreign Film"
        }
    ],
    "2013": [
        {
            "englishTitle": "Amour",
            "director": "Michael Haneke",
            "award": "Best Film, Best Director, Best Actress, Best Actor, Best Screenplay"
        },
        {
            "englishTitle": "Camille Rewinds",
            "originalTitle": "Camille redouble",
            "director": "Noémie Lvovsky"
        },
        {
            "englishTitle": "Farewell, My Queen",
            "originalTitle": "Les Adieux à la reine",
            "director": "Benoît Jacquot"
        },
        {
            "englishTitle": "Holy Motors",
            "director": "Leos Carax"
        },
        {
            "englishTitle": "In the House",
            "originalTitle": "Dans la maison",
            "director": "François Ozon"
        },
        {
            "englishTitle": "Rust and Bone",
            "originalTitle": "De rouille et d'os",
            "director": "Jacques Audiard"
        },
        {
            "englishTitle": "What's in a Name?",
            "originalTitle": "Le prénom",
            "director": "Alexandre de La Patellière, Matthieu Delaporte"
        },
        {
            "englishTitle": "Argo",
            "director": "Ben Affleck",
            "award": "Best Foreign Film"
        }
    ],
    "2012": [
        {
            "englishTitle": "The Artist",
            "director": "Michel Hazanavicius",
            "award": "Best Film, Best Director, Best Actress"
        },
        {
            "englishTitle": "The Minister",
            "originalTitle": "L'exercice de l'État",
            "director": "Pierre Schöller",
            "award": "Best Screenplay"
        },
        {
            "englishTitle": "Declaration of War",
            "originalTitle": "La Guerre est déclarée",
            "director": "Valérie Donzelli"
        },
        {
            "englishTitle": "Le Havre",
            "director": "Aki Kaurismäki"
        },
        {
            "englishTitle": "Intouchables",
            "director": "Olivier Nakache, Éric Toledano",
            "award": "Best Actor"
        },
        {
            "englishTitle": "Pater",
            "director": "Alain Cavalier"
        },
        {
            "englishTitle": "Poliss",
            "originalTitle": "Polisse",
            "director": "Maïwenn",
            "award": "Best Director"
        },
        {
            "englishTitle": "A Separation",
            "director": "Asghar Farhadi",
            "award": "Best Foreign Film"
        }
    ],
    "2011": [
        {
            "englishTitle": "Of Gods and Men",
            "originalTitle": "Des hommes et des dieux",
            "director": "Xavier Beauvois",
            "award": "Best Film"
        },
        {
            "englishTitle": "Heartbreaker",
            "originalTitle": "L'Arnacœur",
            "director": "Pascal Chaumeil"
        },
        {
            "englishTitle": "Gainsbourg: A Heroic Life",
            "originalTitle": "Gainsbourg, vie héroïque",
            "director": "Joann Sfar",
            "award": "Best Actor"
        },
        {
            "englishTitle": "Mammuth",
            "director": "Benoît Delépine, Gustave de Kervern"
        },
        {
            "englishTitle": "The Names of Love",
            "originalTitle": "Le Nom des gens",
            "director": "Michel Leclerc",
            "award": "Best Actress, Best Screenplay"
        },
        {
            "englishTitle": "The Ghost Writer",
            "director": "Roman Polanski",
            "award": "Best Director"
        },
        {
            "englishTitle": "On Tour",
            "originalTitle": "Tournée",
            "director": "Mathieu Amalric"
        },
        {
            "englishTitle": "The Social Network",
            "director": "David Fincher",
            "award": "Best Foreign Film"
        }
    ],
    "2010": [
        {
            "englishTitle": "A Prophet",
            "originalTitle": "Un prophète",
            "director": "Jacques Audiard",
            "award": "Best Film, Best Director, Best Actor"
        },
        {
            "englishTitle": "In the Beginning",
            "originalTitle": "À l’origine",
            "director": "Xavier Giannoli"
        },
        {
            "englishTitle": "The Concert",
            "originalTitle": "Le Concert",
            "director": "Radu Mihaileanu"
        },
        {
            "englishTitle": "Wild Grass",
            "originalTitle": "Les Herbes folles",
            "director": "Alain Resnais"
        },
        {
            "englishTitle": "Skirt Day",
            "originalTitle": "La Journée de la jupe",
            "director": "Jean-Paul Lilienfeld",
            "award": "Best Actress"
        },
        {
            "englishTitle": "Rapt",
            "director": "Lucas Belvaux"
        },
        {
            "englishTitle": "Welcome",
            "director": "Philippe Lioret",
            "award": "Best Director"
        },
        {
            "englishTitle": "Gran Torino",
            "director": "Clint Eastwood",
            "award": "Best Foreign Film"
        },
        {
            "englishTitle": "Mademoiselle Chambon",
            "director": "Stéphane Brizé",
            "award": "Best Screenplay"
        }
    ],
    "2009": [
        {
            "englishTitle": "Séraphine",
            "director": "Martin Provost",
            "award": "Best Film, Best Director, Best Actress, Best Screenplay"
        },
        {
            "englishTitle": "A Christmas Tale",
            "originalTitle": "Un conte de Noël",
            "director": "Arnaud Desplechin"
        },
        {
            "englishTitle": "The Class",
            "originalTitle": "Entre les murs",
            "director": "Laurent Cantet"
        },
        {
            "englishTitle": "The First Day of the Rest of Your Life",
            "originalTitle": "Le Premier Jour du reste de ta vie",
            "director": "Rémi Bezançon"
        },
        {
            "englishTitle": "I've Loved You So Long",
            "originalTitle": "Il y a longtemps que je t'aime",
            "director": "Philippe Claudel"
        },
        {
            "englishTitle": "Paris",
            "director": "Cedric Klapisch"
        },
        {
            "englishTitle": "Public Enemy Number One",
            "originalTitle": "L'Instinct de mort",
            "director": "Jean-François Richet",
            "award": "Best Director, Best Actor"
        },
        {
            "englishTitle": "Waltz with Bashir",
            "originalTitle": "Vals Im Bashir",
            "director": "Ari Folman",
            "award": "Best Foreign Film"
        }
    ],
    "2008": [
        {
            "englishTitle": "The Secret of the Grain",
            "originalTitle": "La Graine et le mulet",
            "director": "Abdel Kechiche",
            "award": "Best Film, Best Director"
        },
        {
            "englishTitle": "The Diving Bell and the Butterfly",
            "originalTitle": "Le Scaphandre et le papillon",
            "director": "Julian Schnabel",
            "award": "Best Actor"
        },
        {
            "englishTitle": "Persepolis",
            "director": "Vincent Paronnaud, Marjane Satrapi",
            "award": "Best Screenplay"
        },
        {
            "englishTitle": "A Secret",
            "originalTitle": "Un secret",
            "director": "Claude Miller"
        },
        {
            "englishTitle": "La Vie En Rose",
            "originalTitle": "La Môme",
            "director": "Olivier Dahan",
            "award": "Best Actress"
        },
        {
            "englishTitle": "The Lives of Others",
            "originalTitle": "Das Leben der Anderen",
            "director": "Florian Henckel von Donnersmarck",
            "award": "Best Foreign Film"
        }
    ],
    "2007": [
        {
            "englishTitle": "Lady Chatterley",
            "director": "Pascale Ferran",
            "award": "Best Film, Best Actress"
        },
        {
            "englishTitle": "Days of Glory",
            "originalTitle": "Indigènes",
            "director": "Rachid Bouchareb"
        },
        {
            "englishTitle": "I'm Fine, Don't Worry",
            "originalTitle": "Je vais bien, ne t'en fais pas",
            "director": "Philippe Lioret"
        },
        {
            "englishTitle": "Tell No One",
            "originalTitle": "Ne le dis à personne",
            "director": "Guillaume Canet",
            "award": "Best Director, Best Actor"
        },
        {
            "englishTitle": "When I Was a Singer",
            "originalTitle": "Quand j'étais chanteur",
            "director": "Xavier Giannoli",
            "award": "Best Screenplay"
        },
        {
            "englishTitle": "Little Miss Sunshine",
            "director": "Jonathan Dayton, Valerie Faris",
            "award": "Best Foreign Film"
        }
    ],
    "2006": [
        {
            "englishTitle": "The Beat That My Heart Skipped",
            "originalTitle": "De battre mon cœur s'est arrêté",
            "director": "Jacques Audiard",
            "award": "Best Film, Best Director"
        },
        {
            "englishTitle": "The Child",
            "originalTitle": "L'Enfant",
            "director": "Jean-Pierre Dardenne, Luc Dardenne"
        },
        {
            "englishTitle": "Live and Become",
            "originalTitle": "Va, vis et deviens",
            "director": "Radu Mihaileanu",
            "award": "Best Screenplay"
        },
        {
            "englishTitle": "Merry Christmas",
            "originalTitle": "Joyeux Noël",
            "director": "Christian Carion"
        },
        {
            "englishTitle": "The Young Lieutenant",
            "originalTitle": "Le Petit Lieutenant",
            "director": "Xavier Beauvois",
            "award": "Best Actress"
        },
        {
            "englishTitle": "Million Dollar Baby",
            "director": "Clint Eastwood",
            "award": "Best Foreign Film"
        },
        {
            "englishTitle": "The Last Mitterrand",
            "originalTitle": "Le Promeneur du Champ de Mars",
            "director": "Robert Guédiguian",
            "award": "Best Actor"
        }
    ],
    "2005": [
        {
            "englishTitle": "Games of Love and Chance",
            "originalTitle": "L'Esquive",
            "director": "Abdel Kechiche",
            "award": "Best Film, Best Director, Best Screenplay"
        },
        {
            "englishTitle": "Department 36",
            "originalTitle": "36 Quai des Orfèvres",
            "director": "Olivier Marchal"
        },
        {
            "englishTitle": "The Chorus",
            "originalTitle": "Les Choristes",
            "director": "Christophe Barratier"
        },
        {
            "englishTitle": "Kings and Queen",
            "originalTitle": "Rois et reine",
            "director": "Arnaud Desplechin",
            "award": "Best Actor"
        },
        {
            "englishTitle": "A Very Long Engagement",
            "originalTitle": "Un long dimanche de fiançailles",
            "director": "Jean-Pierre Jeunet"
        },
        {
            "englishTitle": "When the Sea Rises",
            "originalTitle": "Quand la mer monte...",
            "director": "Yolande Moreau, Gilles Porte",
            "award": "Best Actress"
        },
        {
            "englishTitle": "Lost in Translation",
            "director": "Sofia Coppola",
            "award": "Best Foreign Film"
        }
    ],
    "2004": [
        {
            "englishTitle": "The Barbarian Invasions",
            "originalTitle": "Les Invasions barbares",
            "director": "Denys Arcand",
            "award": "Best Film, Best Director, Best Screenplay"
        },
        {
            "englishTitle": "Bon voyage",
            "director": "Jean-Paul Rappeneau"
        },
        {
            "englishTitle": "Feelings",
            "originalTitle": "Les Sentiments",
            "director": "Noémie Lvovsky"
        },
        {
            "englishTitle": "Not on the Lips",
            "originalTitle": "Pas sur la bouche",
            "director": "Alain Resnais"
        },
        {
            "englishTitle": "The Triplets of Belleville",
            "originalTitle": "Les Triplettes de Belleville",
            "director": "Sylvain Chomet"
        },
        {
            "englishTitle": "Monsieur Ibrahim",
            "originalTitle": "Monsieur Ibrahim et les fleurs du Coran",
            "director": "François Dupeyron",
            "award": "Best Actor"
        },
        {
            "englishTitle": "Fear and Trembling",
            "originalTitle": "Stupeur et tremblements",
            "director": "Alain Corneau",
            "award": "Best Actress"
        },
        {
            "englishTitle": "Mystic River",
            "director": "Clint Eastwood",
            "award": "Best Foreign Film"
        }
    ],
    "2003": [
        {
            "englishTitle": "The Pianist",
            "director": "Roman Polanski",
            "award": "Best Film, Best Director, Best Actor"
        },
        {
            "englishTitle": "8 Women",
            "originalTitle": "8 femmes",
            "director": "François Ozon"
        },
        {
            "englishTitle": "Amen.",
            "director": "Costa Gavras",
            "award": "Best Screenplay"
        },
        {
            "englishTitle": "The Spanish Apartment",
            "originalTitle": "L'Auberge espagnole",
            "director": "Cédric Klapisch"
        },
        {
            "englishTitle": "To Be and to Have",
            "originalTitle": "Être et avoir",
            "director": "Nicolas Philibert"
        },
        {
            "englishTitle": "Beautiful Memories",
            "originalTitle": "Se souvenir des belles choses",
            "director": "Zabou Breitman",
            "award": "Best Actress"
        },
        {
            "englishTitle": "Bowling for Columbine",
            "director": "Michael Moore",
            "award": "Best Foreign Film"
        }
    ],
    "2002": [
        {
            "englishTitle": "Amélie",
            "originalTitle": "Le Fabuleux Destin d'Amélie Poulain",
            "director": "Jean-Pierre Jeunet",
            "award": "Best Film, Best Director"
        },
        {
            "englishTitle": "Chaos",
            "director": "Coline Serreau"
        },
        {
            "englishTitle": "The Officers' Ward",
            "originalTitle": "La Chambre des officiers",
            "director": "François Dupeyron"
        },
        {
            "englishTitle": "Read My Lips",
            "originalTitle": "Sur mes lèvres",
            "director": "Jacques Audiard",
            "award": "Best Actress, Best Screenplay"
        },
        {
            "englishTitle": "Under the Sand",
            "originalTitle": "Sous le sable",
            "director": "François Ozon"
        },
        {
            "englishTitle": "How I Killed My Father",
            "originalTitle": "Comment j'ai tué mon père",
            "director": "Anne Fontaine",
            "award": "Best Actor"
        },
        {
            "englishTitle": "Mulholland Drive",
            "director": "David Lynch",
            "award": "Best Foreign Film"
        }
    ],
    "2001": [
        {
            "englishTitle": "The Taste of Others",
            "originalTitle": "Le Goût des autres",
            "director": "Agnès Jaoui",
            "award": "Best Film, Best Screenplay"
        },
        {
            "englishTitle": "Harry, He's Here to Help",
            "originalTitle": "Harry, un ami qui vous veut du bien",
            "director": "Dominik Moll",
            "award": "Best Actor, Best Director"
        },
        {
            "englishTitle": "Murderous Maids",
            "originalTitle": "Les Blessures assassines",
            "director": "Jean-Pierre Denis"
        },
        {
            "englishTitle": "A Question of Taste",
            "originalTitle": "Une affaire de goût",
            "director": "Bernard Rapp"
        },
        {
            "englishTitle": "Saint-Cyr",
            "director": "Patricia Mazuy"
        },
        {
            "originalTitle": "Stand-by",
            "director": "Roch Stéphanik",
            "award": "Best Actress"
        },
        {
            "englishTitle": "In the Mood for Love",
            "director": "Wong Kar wai",
            "award": "Best Foreign Film"
        }
    ],
    "2000": [
        {
            "englishTitle": "Venus Beauty Institute",
            "originalTitle": "Venus beauté (institut)",
            "director": "Tonie Marshall",
            "award": "Best Film, Best Director, Best Screenplay"
        },
        {
            "englishTitle": "The Children of the Marshland",
            "originalTitle": "Les Enfants du marais",
            "director": "Jean Becker"
        },
        {
            "englishTitle": "East/West",
            "originalTitle": "Est - Ouest",
            "director": "Régis Wargnier"
        },
        {
            "englishTitle": "Girl on the Bridge",
            "originalTitle": "La Fille sur le pont",
            "director": "Patrice Leconte",
            "award": "Best Actor"
        },
        {
            "englishTitle": "The Messenger: The Story of Joan of Arc",
            "director": "Luc Besson"
        },
        {
            "originalTitle": "Haut les coeurs!",
            "director": "Sólveig Anspach",
            "award": "Best Actress"
        },
        {
            "englishTitle": "All About My Mother",
            "originalTitle": "Todo sobre mi madre",
            "director": "Pedro Almodóvar",
            "award": "Best Foreign Film"
        }
    ]
}