{
    "Woody Allen": [
        {
            "englishTitle": "The 400 Blows",
            "year": 1959,
            "director": "François Truffaut"
        },
        {
            "englishTitle": "8½",
            "year": 1963,
            "director": "Federico Fellini"
        },
        {
            "englishTitle": "Amarcord",
            "year": 1972,
            "director": "Federico Fellini"
        },
        {
            "englishTitle": "The Bicycle Thieves",
            "year": 1948,
            "director": "Vittorio de Sica"
        },
        {
            "englishTitle": "Citizen Kane",
            "year": 1941,
            "director": "Orson Welles"
        },
        {
            "englishTitle": "The Discreet Charm of the Bourgeoisie",
            "year": 1972,
            "director": "Luis Buñuel"
        },
        {
            "englishTitle": "La grande illusion",
            "year": 1937,
            "director": "Jean Renoir"
        },
        {
            "englishTitle": "Paths of Glory",
            "year": 1957,
            "director": "Stanley Kubrick"
        },
        {
            "englishTitle": "Rashomon",
            "year": 1950,
            "director": "Akira Kurosawa"
        },
        {
            "englishTitle": "The Seventh Seal",
            "year": 1957,
            "director": "Ingmar Bergman"
        }
    ],
    "Olivier Assayas": [
        {
            "englishTitle": "2001: A Space Odyssey",
            "year": 1968,
            "director": "Stanley Kubrick"
        },
        {
            "englishTitle": "The Gospel According to St Matthew",
            "year": 1964,
            "director": "Pier Paolo Pasolini"
        },
        {
            "englishTitle": "Ludwig",
            "year": 1972,
            "director": "Luchino Visconti"
        },
        {
            "englishTitle": "A Man Escaped",
            "year": 1956,
            "director": "Robert Bresson"
        },
        {
            "englishTitle": "Mirror",
            "year": 1974,
            "director": "Andrei Tarkovsky"
        },
        {
            "englishTitle": "Napoleon",
            "year": 1927,
            "director": "Abel Gance"
        },
        {
            "englishTitle": "Playtime",
            "year": 1967,
            "director": "Jacques Tati"
        },
        {
            "englishTitle": "The Rules of the Game",
            "year": 1939,
            "director": "Jean Renoir"
        },
        {
            "englishTitle": "The Tree of Life",
            "year": 2010,
            "director": "Terrence Malick"
        },
        {
            "englishTitle": "Van Gogh",
            "year": 1991,
            "director": "Maurice Pialat"
        }
    ],
    "Kenneth Branagh": [
        {
            "englishTitle": "Au Revoir les enfants",
            "year": 1987,
            "director": "Louis Malle"
        },
        {
            "englishTitle": "Black Narcissus",
            "year": 1947,
            "director": "Michael Powell/Emeric Pressburger"
        },
        {
            "englishTitle": "Brief Encounter",
            "year": 1945,
            "director": "David Lean"
        },
        {
            "englishTitle": "Citizen Kane",
            "year": 1941,
            "director": "Orson Welles"
        },
        {
            "englishTitle": "Manhattan",
            "year": 1979,
            "director": "Woody Allen"
        },
        {
            "englishTitle": "Napoleon",
            "year": 1927,
            "director": "Abel Gance"
        },
        {
            "englishTitle": "Raging Bull",
            "year": 1980,
            "director": "Martin Scorsese"
        },
        {
            "englishTitle": "The Searchers",
            "year": 1956,
            "director": "John Ford"
        },
        {
            "englishTitle": "The Third Man",
            "year": 1949,
            "director": "Carol Reed"
        },
        {
            "englishTitle": "Tootsie",
            "year": 1982,
            "director": "Sydney Pollack"
        }
    ],
    "Nuri Bilge Ceylan": [
        {
            "englishTitle": "Mirror",
            "year": 1974,
            "director": "Andrei Tarkovsky"
        },
        {
            "englishTitle": "Andrei Rublev",
            "year": 1966,
            "director": "Andrei Tarkovsky"
        },
        {
            "englishTitle": "Tokyo Story",
            "year": 1953,
            "director": "Ozu Yasujirô"
        },
        {
            "englishTitle": "Late Spring",
            "year": 1949,
            "director": "Ozu Yasujirô"
        },
        {
            "englishTitle": "A Man Escaped",
            "year": 1956,
            "director": "Robert Bresson"
        },
        {
            "englishTitle": "Au Hasard Balthazar",
            "year": 1966,
            "director": "Robert Bresson"
        },
        {
            "englishTitle": "The Shame",
            "year": 1968,
            "director": "Ingmar Bergman"
        },
        {
            "englishTitle": "Scenes from a Marriage",
            "year": 1995,
            "director": "Ingmar Bergman"
        },
        {
            "englishTitle": "L'Avventura",
            "year": 1960,
            "director": "Michelangelo Antonioni"
        },
        {
            "englishTitle": "L'Eclisse",
            "year": 1962,
            "director": "Michelangelo Antonioni"
        }
    ],
    "Francis Ford Coppola": [
        {
            "englishTitle": "The Apartment",
            "year": 1960,
            "director": "Billy Wilder"
        },
        {
            "englishTitle": "Ashes and Diamonds",
            "year": 1958,
            "director": "Andrzej Wajda"
        },
        {
            "englishTitle": "The Bad Sleep Well",
            "year": 1960,
            "director": "Akira Kurosawa"
        },
        {
            "englishTitle": "The Best Years of Our Lives",
            "year": 1946,
            "director": "William Wyler"
        },
        {
            "englishTitle": "I Vitelloni",
            "year": 1953,
            "director": "Federico Fellini"
        },
        {
            "englishTitle": "The King of Comedy",
            "year": 1983,
            "director": "Martin Scorsese"
        },
        {
            "englishTitle": "Raging Bull",
            "year": 1980,
            "director": "Martin Scorsese"
        },
        {
            "englishTitle": "Singin' in the Rain",
            "year": 1951,
            "director": "Stanley Donen/Gene Kelly"
        },
        {
            "englishTitle": "Sunrise",
            "year": 1927,
            "director": "F. W. Murnau"
        },
        {
            "englishTitle": "Yojimbo",
            "year": 1961,
            "director": "Akira Kurosawa"
        }
    ],
    "Jean-Pierre & Luc Dardenne": [
        {
            "englishTitle": "Accattone",
            "year": 1961,
            "director": "Pier Paolo Pasolini"
        },
        {
            "englishTitle": "The Big Heat",
            "year": 1953,
            "director": "Fritz Lang"
        },
        {
            "englishTitle": "Dodeskaden",
            "year": 1970,
            "director": "Akira Kurosawa"
        },
        {
            "englishTitle": "Germany Year Zero",
            "year": 1948,
            "director": "Roberto Rossellini"
        },
        {
            "englishTitle": "Loulou",
            "year": 1980,
            "director": "Maurice Pialat"
        },
        {
            "englishTitle": "Modern Times",
            "year": 1936,
            "director": "Charles Chaplin"
        },
        {
            "englishTitle": "The Searchers",
            "year": 1956,
            "director": "John Ford"
        },
        {
            "englishTitle": "Shoah",
            "year": 1985,
            "director": "Claude Lanzmann"
        },
        {
            "englishTitle": "Street of Shame",
            "year": 1956,
            "director": "Mizoguchi Kenji"
        },
        {
            "englishTitle": "Sunrise",
            "year": 1927,
            "director": "F. W. Murnau"
        }
    ],
    "Atom Egoyan": [
        {
            "englishTitle": "2001: A Space Odyssey",
            "year": 1968,
            "director": "Stanley Kubrick"
        },
        {
            "englishTitle": "8½",
            "year": 1963,
            "director": "Federico Fellini"
        },
        {
            "englishTitle": "The Bicycle Thieves",
            "year": 1948,
            "director": "Vittorio de Sica"
        },
        {
            "englishTitle": "Breathless",
            "year": 1960,
            "director": "Jean-Luc Godard"
        },
        {
            "englishTitle": "The Godfather: Part I",
            "year": 1972,
            "director": "Francis Ford Coppola"
        },
        {
            "englishTitle": "Metropolis",
            "year": 1927,
            "director": "Fritz Lang"
        },
        {
            "englishTitle": "Passion of Joan of Arc",
            "year": 1927,
            "director": "Carl Theodor Dreyer"
        },
        {
            "englishTitle": "Persona",
            "year": 1966,
            "director": "Ingmar Bergman"
        },
        {
            "englishTitle": "Pulp Fiction",
            "year": 1994,
            "director": "Quentin Tarantino"
        },
        {
            "englishTitle": "Vertigo",
            "year": 1958,
            "director": "Alfred Hitchcock"
        }
    ],
    "Abel Ferrara": [
        {
            "englishTitle": "Cul-de-Sac",
            "year": 1966,
            "director": "Roman Polanski"
        },
        {
            "englishTitle": "The Devils",
            "year": 1971,
            "director": "Ken Russell"
        },
        {
            "englishTitle": "Hawks and Sparrows",
            "year": 1966,
            "director": "Pier Paolo Pasolini"
        },
        {
            "englishTitle": "Prison",
            "year": 1949,
            "director": "Ingmar Bergman"
        },
        {
            "englishTitle": "Lolita",
            "year": 1961,
            "director": "Stanley Kubrick"
        },
        {
            "englishTitle": "Los Olvidados",
            "year": 1950,
            "director": "Luis Buñuel"
        },
        {
            "englishTitle": "Ran",
            "year": 1985,
            "director": "Akira Kurosawa"
        },
        {
            "englishTitle": "Touch of Evil",
            "year": 1958,
            "director": "Orson Welles"
        },
        {
            "englishTitle": "A Woman Under the Influence",
            "year": 1974,
            "director": "John Cassavetes"
        },
        {
            "englishTitle": "Zero de Conduite",
            "year": 1933,
            "director": "Jean Vigo"
        }
    ],
    "Amos Gitai": [
        {
            "englishTitle": "L'Argent",
            "year": 1983,
            "director": "Robert Bresson"
        },
        {
            "englishTitle": "Germany Year Zero",
            "year": 1948,
            "director": "Roberto Rossellini"
        },
        {
            "englishTitle": "Le Mépris",
            "year": 1963,
            "director": "Jean-Luc Godard"
        },
        {
            "englishTitle": "The Misfits",
            "year": 1961,
            "director": "John Huston"
        },
        {
            "englishTitle": "The Music Room",
            "year": 1958,
            "director": "Satyajit Ray"
        },
        {
            "englishTitle": "One from the Heart",
            "year": 1982,
            "director": "Francis Ford Coppola"
        },
        {
            "englishTitle": "The Quiet Man",
            "year": 1952,
            "director": "John Ford"
        },
        {
            "englishTitle": "Salo, or The 120 Days of Sodom",
            "year": 1975,
            "director": "Pier Paolo Pasolini"
        },
        {
            "englishTitle": "Shock Corridor",
            "year": 1963,
            "director": "Samuel Fuller"
        },
        {
            "englishTitle": "The Wild Child",
            "year": 1969,
            "director": "François Truffaut"
        }
    ],
    "Jonathan Glazer": [
        {
            "englishTitle": "2001: A Space Odyssey",
            "year": 1968,
            "director": "Stanley Kubrick"
        },
        {
            "englishTitle": "8½",
            "year": 1963,
            "director": "Federico Fellini"
        },
        {
            "englishTitle": "L'Age d'Or",
            "year": 1930,
            "director": "Luis Buñuel"
        },
        {
            "englishTitle": "Au Hasard Balthazar",
            "year": 1966,
            "director": "Robert Bresson"
        },
        {
            "englishTitle": "Berlin Alexanderplatz",
            "director": "Rainer Werner Fassbinder"
        },
        {
            "englishTitle": "The Gospel According to St Matthew",
            "year": 1964,
            "director": "Pier Paolo Pasolini"
        },
        {
            "englishTitle": "Mirror",
            "year": 1974,
            "director": "Andrei Tarkovsky"
        },
        {
            "englishTitle": "Passion of Joan of Arc",
            "year": 1927,
            "director": "Carl Theodor Dreyer"
        },
        {
            "englishTitle": "Persona",
            "year": 1966,
            "director": "Ingmar Bergman"
        },
        {
            "englishTitle": "Rashomon",
            "year": 1950,
            "director": "Akira Kurosawa"
        }
    ],
    "Werner Herzog": [
        {
            "englishTitle": "Freaks",
            "year": 1932,
            "director": "Tod Browning"
        },
        {
            "englishTitle": "Intolerance",
            "year": 1916,
            "director": "D.W. Griffith"
        },
        {
            "englishTitle": "Where Is the Friend's Home",
            "year": 1989,
            "director": "Abbas Kiarostami"
        },
        {
            "englishTitle": "Rashomon",
            "year": 1950,
            "director": "Akira Kurosawa"
        },
        {
            "englishTitle": "Nosferatu",
            "year": 1922,
            "director": "F. W. Murnau"
        }
    ],
    "Terry Jones": [
        {
            "englishTitle": "Crimes and Misdemeanors",
            "year": 1989,
            "director": "Woody Allen"
        },
        {
            "englishTitle": "E.T.",
            "year": 1982,
            "director": "Steven Spielberg"
        },
        {
            "englishTitle": "Fanny and Alexander",
            "year": 1984,
            "director": "Ingmar Bergman"
        },
        {
            "englishTitle": "Festen",
            "year": 1998,
            "director": "Thomas Vinterberg"
        },
        {
            "englishTitle": "General, The",
            "year": 1926,
            "director": "Buster Keaton"
        },
        {
            "englishTitle": "Groundhog Day",
            "year": 1993,
            "director": "Harold Ramis"
        },
        {
            "englishTitle": "Guys and Dolls",
            "year": 1955,
            "director": "Joseph L. Mankiewicz"
        },
        {
            "englishTitle": "I'm No Angel",
            "year": 1933,
            "director": "Wesley Ruggles"
        },
        {
            "englishTitle": "Snow White and the Seven Dwarfs",
            "year": 1937,
            "director": "David Hand et al"
        },
        {
            "englishTitle": "Toy Story 3",
            "year": 2010,
            "director": "Lee Unkrich"
        }
    ],
    "Aki Kaurismäki": [
        {
            "englishTitle": "L'Age d'Or",
            "year": 1930,
            "director": "Luis Buñuel"
        },
        {
            "englishTitle": "L'Atalante",
            "year": 1934,
            "director": "Jean Vigo"
        },
        {
            "englishTitle": "The Bicycle Thieves",
            "year": 1948,
            "director": "Vittorio de Sica"
        },
        {
            "englishTitle": "Boudu Saved from Drowning",
            "year": 1932,
            "director": "Jean Renoir"
        },
        {
            "englishTitle": "The Gold Rush",
            "year": 1925,
            "director": "Charles Chaplin"
        },
        {
            "englishTitle": "Mon Oncle",
            "year": 1958,
            "director": "Jacques Tati"
        },
        {
            "englishTitle": "Nanook of the North",
            "year": 1922,
            "director": "Robert J. Flaherty"
        },
        {
            "englishTitle": "Sunrise",
            "year": 1927,
            "director": "F. W. Murnau"
        },
        {
            "englishTitle": "Tokyo Story",
            "year": 1953,
            "director": "Ozu Yasujirô"
        },
        {
            "englishTitle": "Z",
            "year": 1968,
            "director": "Costa-Gavras"
        }
    ],
    "Stanley Kubrick": [
        {
            "englishTitle": "I Vitelloni",
            "director": "Federico Fellini",
            "year": 1953
        },
        {
            "englishTitle": "Wild Strawberries",
            "director": "Ingmar Bergman",
            "year": 1957
        },
        {
            "englishTitle": "Citizen Kane",
            "director": "Orson Welles",
            "year": 1941
        },
        {
            "englishTitle": "The Treasure of the Sierra Madre",
            "director": "John Huston",
            "year": 1948
        },
        {
            "englishTitle": "City Lights",
            "director": "Charlie Chaplin",
            "year": 1931
        },
        {
            "englishTitle": "Henry V",
            "director": "Laurence Olivier",
            "year": 1944
        },
        {
            "englishTitle": "La notte",
            "director": "Michelangelo Antonioni",
            "year": 1961
        },
        {
            "englishTitle": "The Bank Dick",
            "director": "W. C. Fields",
            "year": 1940
        },
        {
            "englishTitle": "Roxie Hart",
            "director": "William A. Wellman",
            "year": 1942
        },
        {
            "englishTitle": "Hell’s Angels",
            "director": "Howard Hughes",
            "year": 1930
        }
    ],
    "Spike Lee": [
        {
            "englishTitle": "Bad Lieutenant",
            "director": "Abel Ferara",
            "year": "1992"
        },
        {
            "englishTitle": "Rashomon",
            "director": "Akira Kurosawa",
            "year": "1950"
        },
        {
            "englishTitle": "Yojimbo",
            "director": "Akira Kurosawa",
            "year": "1961"
        },
        {
            "englishTitle": "Ran",
            "director": "Akira Kurosawa",
            "year": "1985"
        },
        {
            "englishTitle": "Rear Window",
            "director": "Alfred Hitchcock",
            "year": "1954"
        },
        {
            "englishTitle": "Vertigo",
            "director": "Alfred Hitchcock",
            "year": "1958"
        },
        {
            "englishTitle": "North by Northwest",
            "director": "Alfred Hitchcock",
            "year": "1959"
        },
        {
            "englishTitle": "Bonnie and Clyde",
            "director": "Arthur Penn",
            "year": "1967"
        },
        {
            "englishTitle": "The Conformist",
            "director": "Bernardo Bertolucci",
            "year": "1970"
        },
        {
            "englishTitle": "Last Tango in Paris",
            "director": "Bernardo Bertolucci",
            "year": "1972"
        },
        {
            "englishTitle": "Ace in the Hole",
            "director": "Billy Wilder",
            "year": "1951"
        },
        {
            "englishTitle": "Some Like It Hot",
            "director": "Billy Wilder",
            "year": "1959"
        },
        {
            "englishTitle": "Killer of Sheep",
            "director": "Charles Burnett",
            "year": "1977"
        },
        {
            "englishTitle": "Night of the Hunter",
            "director": "Charles Laughton",
            "year": "1955"
        },
        {
            "englishTitle": "Raising Arizona",
            "director": "Joel Coen, Ethan Coen",
            "year": "1987"
        },
        {
            "englishTitle": "The Bridge on the River Kwai",
            "director": "David Lean",
            "year": "1954"
        },
        {
            "englishTitle": "Lawrence of Arabia",
            "director": "David Lean",
            "year": "1962"
        },
        {
            "englishTitle": "On the Waterfront",
            "director": "Elia Kazan",
            "year": "1954"
        },
        {
            "englishTitle": "A Face in the Crowd",
            "director": "Elia Kazan",
            "year": "1957"
        },
        {
            "englishTitle": "La Strada",
            "director": "Federico Fellini",
            "year": "1954"
        },
        {
            "englishTitle": "La Dolce Vita",
            "director": "Federico Fellini",
            "year": "1960"
        },
        {
            "englishTitle": "8½",
            "director": "Federico Fellini",
            "year": "1963"
        },
        {
            "englishTitle": "City of God",
            "director": "Ferando Meirelles, Katia Lund",
            "year": "2002"
        },
        {
            "englishTitle": "The Godfather",
            "director": "Francis Ford Coppola",
            "year": "1972"
        },
        {
            "englishTitle": "The Godfather: Part II",
            "director": "Francis Ford Coppola",
            "year": "1974"
        },
        {
            "englishTitle": "400 Blows",
            "director": "Francois Truffaut",
            "year": "1959"
        },
        {
            "englishTitle": "Day for Night",
            "director": "Francois Truffaut",
            "year": "1973"
        },
        {
            "englishTitle": "Patton",
            "director": "Franklin J. Schnaffner",
            "year": "1970"
        },
        {
            "englishTitle": "Mad Max",
            "director": "George Miller",
            "year": "1979"
        },
        {
            "englishTitle": "The Road Warrior",
            "director": "George Miller",
            "year": "1981"
        },
        {
            "englishTitle": "Battle of Algiers",
            "director": "Gillo Pontecorvo",
            "year": "1966"
        },
        {
            "englishTitle": "The Last Detail",
            "director": "Hal Ashby",
            "year": "1973"
        },
        {
            "englishTitle": "Breathless",
            "director": "Jean-Luc Godard",
            "year": "1960"
        },
        {
            "englishTitle": "West Side Story",
            "director": "Jerome Robbins, Robert Wise",
            "year": "1961"
        },
        {
            "englishTitle": "Stranger than Paradise",
            "director": "Jim Jarmusch",
            "year": "1984"
        },
        {
            "englishTitle": "The Train",
            "director": "John Frankenheimer",
            "year": "1964"
        },
        {
            "englishTitle": "The Maltese Falcon",
            "director": "John Huston",
            "year": "1941"
        },
        {
            "englishTitle": "The Treasure of the Sierra Madre",
            "director": "John Huston",
            "year": "1948"
        },
        {
            "englishTitle": "Fat City",
            "director": "John Huston",
            "year": "1972"
        },
        {
            "englishTitle": "Midnight Cowboy",
            "director": "John Schlesinger",
            "year": "1969"
        },
        {
            "englishTitle": "Marathon Man",
            "director": "John Schlesinger",
            "year": "1969"
        },
        {
            "englishTitle": "Boyz n the Hood",
            "director": "John Singleton",
            "year": "1991"
        },
        {
            "englishTitle": "Los Olivdados",
            "director": "Luis Bunuel",
            "year": "1950"
        },
        {
            "englishTitle": "Black Orpheus",
            "director": "Marcel Camus",
            "year": "1959"
        },
        {
            "englishTitle": "Home of the Brave",
            "director": "Mark Robson",
            "year": "1949"
        },
        {
            "englishTitle": "Mean Streets",
            "director": "Martin Scorsese",
            "year": "1973"
        },
        {
            "englishTitle": "Raging Bull",
            "director": "Martin Scorsese",
            "year": "1980"
        },
        {
            "englishTitle": "Apocalypto",
            "director": "Mel Gibson",
            "year": "2006"
        },
        {
            "englishTitle": "Casablanca",
            "director": "Michael Curtiz",
            "year": "1942"
        },
        {
            "englishTitle": "Thief",
            "director": "Michael Mann",
            "year": "1981"
        },
        {
            "englishTitle": "The Red Shoes",
            "director": "Michael Powell, Emeric Pressburger",
            "year": "1948"
        },
        {
            "englishTitle": "Coolie High",
            "director": "Michael Schultz",
            "year": "1975"
        },
        {
            "englishTitle": "I Am Cuba",
            "director": "Mikhail Kalatozov",
            "year": "1964"
        },
        {
            "englishTitle": "One Flew Over the Cuckoo's Nest",
            "director": "Milos Forman",
            "year": "1975"
        },
        {
            "englishTitle": "District 9",
            "director": "Neill Blomkamp",
            "year": "2009"
        },
        {
            "englishTitle": "In the Heat of the Night",
            "director": "Norman Jewison",
            "year": "1967"
        },
        {
            "englishTitle": "Touch of Evil",
            "director": "Orson Welles",
            "year": "1958"
        },
        {
            "englishTitle": "Blue Collar",
            "director": "Paul Schrader",
            "year": "1978"
        },
        {
            "englishTitle": "White Heat",
            "director": "Raoul Walsh",
            "year": "1949"
        },
        {
            "englishTitle": "Is Paris Burning?",
            "director": "Rene Clement",
            "year": "1966"
        },
        {
            "englishTitle": "To Kill a Mockingbird",
            "director": "Robert Mulligan",
            "year": "1962"
        },
        {
            "englishTitle": "Rome Open City",
            "director": "Roberto Rossellini",
            "year": "1945"
        },
        {
            "englishTitle": "Paisan",
            "director": "Roberto Rossellini",
            "year": "1946"
        },
        {
            "englishTitle": "Chinatown",
            "director": "Roman Polanski",
            "year": "1974"
        },
        {
            "englishTitle": "Black Rain",
            "director": "Shohei Imamura",
            "year": "1989"
        },
        {
            "englishTitle": "Dog Day Afternoon",
            "director": "Sidney Lumet",
            "year": "1975"
        },
        {
            "englishTitle": "Singin' in the Rain",
            "director": "Stanley Donen, Gene Kelly",
            "year": "1952"
        },
        {
            "englishTitle": "Paths of Glory",
            "director": "Stanley Kubrick",
            "year": "1957"
        },
        {
            "englishTitle": "Spartacus",
            "director": "Stanley Kubrick",
            "year": "1960"
        },
        {
            "englishTitle": "Dr. Strangelove",
            "director": "Stanley Kubrick",
            "year": "1964"
        },
        {
            "englishTitle": "Kung Fu Hustle",
            "director": "Stephen Chow",
            "year": "2004"
        },
        {
            "englishTitle": "Dirty Pretty Things",
            "director": "Stephen Frears",
            "year": "2002"
        },
        {
            "englishTitle": "Hoop Dreams",
            "director": "Steve James",
            "year": "1984"
        },
        {
            "englishTitle": "Close Encounters of the Third Kind",
            "director": "Steven Spielberg",
            "year": "1977"
        },
        {
            "englishTitle": "Empire of the Sun",
            "director": "Steven Spielberg",
            "year": "1987"
        },
        {
            "englishTitle": "Cool Hand Luke",
            "director": "Stuart Rosenberg",
            "year": "1967"
        },
        {
            "englishTitle": "Badlands",
            "director": "Terrence Malick",
            "year": "1973"
        },
        {
            "englishTitle": "Days of Heaven",
            "director": "Terrence Malick",
            "year": "1978"
        },
        {
            "englishTitle": "The Wizard of Oz",
            "director": "Victor Fleming",
            "year": "1939"
        },
        {
            "englishTitle": "An American in Paris",
            "director": "Vincente Minnelli",
            "year": "1951"
        },
        {
            "englishTitle": "Lust for Life",
            "director": "Vincente Minnelli",
            "year": "1956"
        },
        {
            "englishTitle": "The Bicycle Thief",
            "director": "Vittorio De Sica",
            "year": "1948"
        },
        {
            "englishTitle": "Miracle in Milan",
            "director": "Vittorio De Sica",
            "year": "1951"
        },
        {
            "englishTitle": "Dead End",
            "director": "William Wyler",
            "year": "1937"
        },
        {
            "englishTitle": "Zelig",
            "director": "Woody Allen",
            "year": "1983"
        }
    ],
    "Steve McQueen": [
        {
            "englishTitle": "The Battle of Algiers",
            "year": 1966,
            "director": "Gillo Pontecorvo"
        },
        {
            "englishTitle": "Beau Travail",
            "year": 1998,
            "director": "Claire Denis"
        },
        {
            "englishTitle": "Couch",
            "year": 1966,
            "director": "Andy Warhol"
        },
        {
            "englishTitle": "Do The Right Thing",
            "year": 1989,
            "director": "Spike Lee"
        },
        {
            "englishTitle": "Le Mépris",
            "year": 1963,
            "director": "Jean-Luc Godard"
        },
        {
            "englishTitle": "Once Upon a Time in America",
            "year": 1983,
            "director": "Sergio Leone"
        },
        {
            "englishTitle": "The Rules of the Game",
            "year": 1939,
            "director": "Jean Renoir"
        },
        {
            "englishTitle": "Tokyo Story",
            "year": 1953,
            "director": "Ozu Yasujirô"
        },
        {
            "englishTitle": "The Wages of Fear",
            "year": 1953,
            "director": "Henri-Georges Clouzot"
        },
        {
            "englishTitle": "Zero de Conduite",
            "year": 1933,
            "director": "Jean Vigo"
        }
    ],
    "Sam Mendes": [
        {
            "englishTitle": "The 400 Blows",
            "year": 1959,
            "director": "François Truffaut"
        },
        {
            "englishTitle": "Blue Velvet",
            "year": 1986,
            "director": "David Lynch"
        },
        {
            "englishTitle": "Citizen Kane",
            "year": 1941,
            "director": "Orson Welles"
        },
        {
            "englishTitle": "Fanny and Alexander",
            "year": 1984,
            "director": "Ingmar Bergman"
        },
        {
            "englishTitle": "The Godfather: Part II",
            "year": 1974,
            "director": "Francis Ford Coppola"
        },
        {
            "englishTitle": "Kes",
            "year": 1969,
            "director": "Ken Loach"
        },
        {
            "englishTitle": "Rosemary's Baby",
            "year": 1968,
            "director": "Roman Polanski"
        },
        {
            "englishTitle": "Taxi Driver",
            "year": 1976,
            "director": "Martin Scorsese"
        },
        {
            "englishTitle": "There Will Be Blood",
            "year": 2007,
            "director": "Paul Thomas Anderson"
        },
        {
            "englishTitle": "Vertigo",
            "year": 1958,
            "director": "Alfred Hitchcock"
        }
    ],
    "Tsai Ming-Liang": [
        {
            "englishTitle": "The 400 Blows",
            "year": 1959,
            "director": "François Truffaut"
        },
        {
            "englishTitle": "L'Eclisse",
            "year": 1962,
            "director": "Michelangelo Antonioni"
        },
        {
            "englishTitle": "Fear Eats the Soul",
            "year": 1974,
            "director": "Rainer Werner Fassbinder"
        },
        {
            "englishTitle": "Goodbye, Dragon Inn",
            "year": 2003,
            "director": "Tsai Ming Liang"
        },
        {
            "englishTitle": "Mouchette",
            "year": 1966,
            "director": "Robert Bresson"
        },
        {
            "englishTitle": "The Night of the Hunter",
            "year": 1955,
            "director": "Charles Laughton"
        },
        {
            "englishTitle": "The Only Son",
            "year": 1936,
            "director": "Ozu Yasujirô"
        },
        {
            "englishTitle": "Passion of Joan of Arc",
            "year": 1927,
            "director": "Carl Theodor Dreyer"
        },
        {
            "englishTitle": "Spring in a Small Town",
            "year": 1948,
            "director": "Fei Mu"
        },
        {
            "englishTitle": "Sunrise",
            "year": 1927,
            "director": "F. W. Murnau"
        }
    ],
    "Jeff Nichols": [
        {
            "englishTitle": "Badlands",
            "year": 1973,
            "director": "Terrence Malick"
        },
        {
            "englishTitle": "Butch Cassidy and The Sundance Kid",
            "year": 1969,
            "director": "George Roy Hill"
        },
        {
            "englishTitle": "Cool Hand Luke",
            "year": 1967,
            "director": "Stuart Rosenberg"
        },
        {
            "englishTitle": "Fletch",
            "year": 1985,
            "director": "Michael Ritchie"
        },
        {
            "englishTitle": "Hud",
            "year": 1962,
            "director": "Martin Ritt"
        },
        {
            "englishTitle": "The Hustler",
            "year": 1961,
            "director": "Robert Rossen"
        },
        {
            "englishTitle": "Jaws",
            "year": 1975,
            "director": "Steven Spielberg"
        },
        {
            "englishTitle": "Lawrence of Arabia",
            "year": 1962,
            "director": "David Lean"
        },
        {
            "englishTitle": "North by Northwest",
            "year": 1959,
            "director": "Alfred Hitchcock"
        },
        {
            "englishTitle": "Stagecoach",
            "year": 1939,
            "director": "John Ford"
        }
    ],
    "Gaspar Noé": [
        {
            "englishTitle": "2001: A Space Odyssey",
            "year": 1968,
            "director": "Stanley Kubrick"
        },
        {
            "englishTitle": "Amour",
            "year": 2012,
            "director": "Michael Haneke"
        },
        {
            "englishTitle": "Angst",
            "year": 1983,
            "director": "Gerald Kargl"
        },
        {
            "englishTitle": "Un chien andalou",
            "year": 1928,
            "director": "Luis Buñuel"
        },
        {
            "englishTitle": "Eraserhead",
            "year": 1976,
            "director": "David Lynch"
        },
        {
            "englishTitle": "I am Cuba",
            "year": 1964,
            "director": "Mikhail Kalatozov"
        },
        {
            "englishTitle": "King Kong",
            "year": 1933,
            "director": "Merian C. Cooper/Ernest B. Schoedsack"
        },
        {
            "englishTitle": "Salo, or The 120 Days of Sodom",
            "year": 1975,
            "director": "Pier Paolo Pasolini"
        },
        {
            "englishTitle": "Scorpio Rising",
            "year": 1964,
            "director": "Kenneth Anger"
        },
        {
            "englishTitle": "Taxi Driver",
            "year": 1976,
            "director": "Martin Scorsese"
        }
    ],
    "Manoel de Oliveira": [
        {
            "englishTitle": "Battleship Potemkin",
            "year": 1925,
            "director": "Sergei M Eisenstein"
        },
        {
            "englishTitle": "Gertrud",
            "year": 1964,
            "director": "Carl Theodor Dreyer"
        },
        {
            "englishTitle": "The Gold Rush",
            "year": 1925,
            "director": "Charles Chaplin"
        },
        {
            "englishTitle": "The Informer",
            "year": 1935,
            "director": "John Ford"
        },
        {
            "englishTitle": "Ivan the Terrible",
            "year": 1945,
            "director": "Sergei M Eisenstein"
        },
        {
            "englishTitle": "Journey to Italy",
            "year": 1954,
            "director": "Roberto Rossellini"
        },
        {
            "englishTitle": "Mouchette",
            "year": 1966,
            "director": "Robert Bresson"
        },
        {
            "englishTitle": "Passion of Joan of Arc",
            "year": 1927,
            "director": "Carl Theodor Dreyer"
        },
        {
            "englishTitle": "Playtime",
            "year": 1967,
            "director": "Jacques Tati"
        },
        {
            "englishTitle": "Ugetsu Monogatari",
            "year": 1953,
            "director": "Mizoguchi Kenji"
        }
    ],
    "Pawel Pawlikowski": [
        {
            "englishTitle": "Breaking the Waves",
            "year": 1996,
            "director": "Lars von Trier"
        },
        {
            "englishTitle": "The Death of Mr Lazarescu",
            "year": 2005,
            "director": "Cristi Puiu"
        },
        {
            "englishTitle": "Fargo",
            "year": 1995,
            "director": "Joel Coen, Ethan Coen"
        },
        {
            "englishTitle": "Fight Club",
            "year": 1999,
            "director": "David Fincher"
        },
        {
            "englishTitle": "Mulholland Dr",
            "year": 2003,
            "director": "David Lynch"
        },
        {
            "englishTitle": "Once Upon a Time in Anatolia",
            "year": 2011,
            "director": "Nuri Bilge Ceylan"
        },
        {
            "englishTitle": "Rosetta",
            "year": 1999,
            "director": "Jean-Pierre Dardenne/Luc Dardenne"
        },
        {
            "englishTitle": "La Ciénaga",
            "year": 2001,
            "director": "Lucrecia Martel"
        },
        {
            "englishTitle": "Viva l'Amour",
            "year": 1994,
            "director": "Tsai Ming Liang"
        },
        {
            "englishTitle": "You, The Living",
            "year": 2007,
            "director": "Roy Andersson"
        }
    ],
    "Carlos Reygadas": [
        {
            "englishTitle": "Andrei Rublev",
            "year": 1966,
            "director": "Andrei Tarkovsky"
        },
        {
            "englishTitle": "Distant Voices, Still Lives",
            "year": 1988,
            "director": "Terence Davies"
        },
        {
            "englishTitle": "The Executioner",
            "year": 1963,
            "director": "Luis García Berlanga"
        },
        {
            "englishTitle": "Gummo",
            "year": 1997,
            "director": "Harmony Korine"
        },
        {
            "englishTitle": "Los Olvidados",
            "year": 1950,
            "director": "Luis Buñuel"
        },
        {
            "englishTitle": "A Man Escaped",
            "year": 1956,
            "director": "Robert Bresson"
        },
        {
            "englishTitle": "Mother and Son",
            "year": 1997,
            "director": "Aleksandr Sokurov"
        },
        {
            "englishTitle": "Persona",
            "year": 1966,
            "director": "Ingmar Bergman"
        },
        {
            "englishTitle": "Sansho Dayu",
            "year": 1954,
            "director": "Mizoguchi Kenji"
        },
        {
            "englishTitle": "The Werckmeister Harmonies",
            "year": 2000,
            "director": "Béla Tarr"
        }
    ],
    "Martin Scorsese": [
        {
            "englishTitle": "2001: A Space Odyssey",
            "year": 1968,
            "director": "Stanley Kubrick"
        },
        {
            "englishTitle": "8½",
            "year": 1963,
            "director": "Federico Fellini"
        },
        {
            "englishTitle": "Ashes and Diamonds",
            "year": 1958,
            "director": "Andrzej Wajda"
        },
        {
            "englishTitle": "Citizen Kane",
            "year": 1941,
            "director": "Orson Welles"
        },
        {
            "englishTitle": "The Leopard",
            "year": 1963,
            "director": "Luchino Visconti"
        },
        {
            "englishTitle": "Paisà",
            "year": 1946,
            "director": "Roberto Rossellini"
        },
        {
            "englishTitle": "The Red Shoes",
            "year": 1948,
            "director": "Michael Powell/Emeric Pressburger"
        },
        {
            "englishTitle": "The River",
            "year": 1951,
            "director": "Jean Renoir"
        },
        {
            "englishTitle": "Salvatore Giuliano",
            "year": 1962,
            "director": "Francesco Rosi"
        },
        {
            "englishTitle": "The Searchers",
            "year": 1956,
            "director": "John Ford"
        },
        {
            "englishTitle": "Ugetsu Monogatari",
            "year": 1953,
            "director": "Mizoguchi Kenji"
        },
        {
            "englishTitle": "Vertigo",
            "year": 1958,
            "director": "Alfred Hitchcock"
        }
    ],
    "Quentin Tarantino": [
        {
            "englishTitle": "Apocalypse Now",
            "year": 1979,
            "director": "Francis Ford Coppola"
        },
        {
            "englishTitle": "The Bad News Bears",
            "year": 1976,
            "director": "Michael Ritchie"
        },
        {
            "englishTitle": "Carrie",
            "year": 1976,
            "director": "Brian de Palma"
        },
        {
            "englishTitle": "Dazed and Confused",
            "year": 1993,
            "director": "Richard Linklater"
        },
        {
            "englishTitle": "The Good, the Bad and the Ugly",
            "year": 1966,
            "director": "Sergio Leone"
        },
        {
            "englishTitle": "The Great Escape",
            "year": 1963,
            "director": "John Sturges"
        },
        {
            "englishTitle": "His Girl Friday",
            "year": 1939,
            "director": "Howard Hawks"
        },
        {
            "englishTitle": "Jaws",
            "year": 1975,
            "director": "Steven Spielberg"
        },
        {
            "englishTitle": "Pretty Maids All in a Row",
            "year": 1971,
            "director": "Roger Vadim"
        },
        {
            "englishTitle": "Rolling Thunder",
            "year": 1997,
            "director": "John Flynn"
        },
        {
            "englishTitle": "Sorcerer",
            "year": 1977,
            "director": "William Friedkin"
        },
        {
            "englishTitle": "Taxi Driver",
            "year": 1976,
            "director": "Martin Scorsese"
        }
    ],
    "Béla Tarr": [
        {
            "englishTitle": "Aleksandr Nevski",
            "year": 1938,
            "director": "Sergei M Eisenstein"
        },
        {
            "englishTitle": "Au Hasard Balthazar",
            "year": 1966,
            "director": "Robert Bresson"
        },
        {
            "englishTitle": "Berlin Alexanderplatz",
            "director": "Rainer Werner Fassbinder"
        },
        {
            "englishTitle": "Frenzy",
            "year": 1972,
            "director": "Alfred Hitchcock"
        },
        {
            "englishTitle": "M",
            "year": 1931,
            "director": "Fritz Lang"
        },
        {
            "englishTitle": "Man with a Movie Camera",
            "year": 1929,
            "director": "Dziga Vertov"
        },
        {
            "englishTitle": "Passion of Joan of Arc",
            "year": 1927,
            "director": "Carl Theodor Dreyer"
        },
        {
            "englishTitle": "Round-Up, The",
            "year": 1966,
            "director": "Miklos Jancso"
        },
        {
            "englishTitle": "Tokyo Story",
            "year": 1953,
            "director": "Ozu Yasujirô"
        },
        {
            "englishTitle": "Vivre Sa Vie",
            "year": 1962,
            "director": "Jean-Luc Godard"
        }
    ],
    "Guillermo del Toro": [
        {
            "englishTitle": "8½",
            "year": 1963,
            "director": "Federico Fellini"
        },
        {
            "englishTitle": "La Belle et la Bete",
            "year": 1946,
            "director": "Jean Cocteau"
        },
        {
            "englishTitle": "Frankenstein",
            "year": 1931,
            "director": "James Whale"
        },
        {
            "englishTitle": "Freaks",
            "year": 1932,
            "director": "Tod Browning"
        },
        {
            "englishTitle": "Goodfellas",
            "year": 1990,
            "director": "Martin Scorsese"
        },
        {
            "englishTitle": "Greed",
            "year": 1925,
            "director": "Erich von Stroheim"
        },
        {
            "englishTitle": "Los Olvidados",
            "year": 1950,
            "director": "Luis Buñuel"
        },
        {
            "englishTitle": "Modern Times",
            "year": 1936,
            "director": "Charles Chaplin"
        },
        {
            "englishTitle": "Nosferatu",
            "year": 1922,
            "director": "F. W. Murnau"
        },
        {
            "englishTitle": "Shadow of A Doubt",
            "year": 1943,
            "director": "Alfred Hitchcock"
        }
    ],
    "Apichatpong Weerasethakul": [
        {
            "englishTitle": "A Brighter Summer Day",
            "year": 1991,
            "director": "Edward Yang"
        },
        {
            "englishTitle": "The Conversation",
            "year": 1974,
            "director": "Francis Ford Coppola"
        },
        {
            "englishTitle": "La Captive",
            "year": 1983,
            "director": "Chantal Akerman"
        },
        {
            "englishTitle": "Empire",
            "year": 1964,
            "director": "Andy Warhol"
        },
        {
            "englishTitle": "Full Metal Jacket",
            "year": 1987,
            "director": "Stanley Kubrick"
        },
        {
            "englishTitle": "The General",
            "year": 1926,
            "director": "Buster Keaton"
        },
        {
            "englishTitle": "Goodbye, Dragon Inn",
            "year": 2003,
            "director": "Tsai Ming Liang"
        },
        {
            "englishTitle": "Rain",
            "year": 1929,
            "director": "Joris Ivens"
        },
        {
            "englishTitle": "Sátántangó",
            "year": 1994,
            "director": "Béla Tarr"
        },
        {
            "englishTitle": "Valentin de las Sierras",
            "year": 1967,
            "director": "Bruce Baillie"
        }
    ]
}