{
    "2014": [
        {
            "englishTitle": "American Sniper",
            "director": "Clint Eastwood"
        },
        {
            "englishTitle": "Birdman",
            "director": "Alejandro González Iñárritu",
            "award": "Best Film, Best Director, Best Screenplay"
        },
        {
            "englishTitle": "Boyhood",
            "director": "Richard Linklater"
        },
        {
            "englishTitle": "The Grand Budapest Hotel",
            "director": "Wes Anderson"
        },
        {
            "englishTitle": "The Imitation Game",
            "director": "Morten Tyldum"
        },
        {
            "englishTitle": "Selma",
            "director": "Ava DuVernay"
        },
        {
            "englishTitle": "The Theory of Everything",
            "director": "James Marsh",
            "award": "Best Actor"
        },
        {
            "englishTitle": "Whiplash",
            "director": "Damien Chazelle"
        },
        {
            "englishTitle": "Still Alice",
            "director": "Richard Glatzer",
            "award": "Best Actress"
        },
        {
            "englishTitle": "Ida",
            "director": "Paweł Pawlikowski",
            "award": "Best Foreign Language Film"
        }
    ],
    "2013": [
        {
            "englishTitle": "12 Years a Slave",
            "director": "Steve McQueen",
            "award": "Best Film"
        },
        {
            "englishTitle": "American Hustle",
            "director": "David O. Russell"
        },
        {
            "englishTitle": "Captain Phillips",
            "director": "Paul Greengrass"
        },
        {
            "englishTitle": "Dallas Buyers Club",
            "director": "Jean-Marc Vallée",
            "award": "Best Actor"
        },
        {
            "englishTitle": "Gravity",
            "director": "Alfonso Cuarón",
            "award": "Best Director"
        },
        {
            "englishTitle": "Her",
            "director": "Spike Jonze",
            "award": "Best Screenplay"
        },
        {
            "englishTitle": "Nebraska",
            "director": "Alexander Payne"
        },
        {
            "englishTitle": "Philomena",
            "director": "Stephen Frears"
        },
        {
            "englishTitle": "The Wolf of Wall Street",
            "director": "Martin Scorsese"
        },
        {
            "englishTitle": "Blue Jasmine",
            "director": "Woody Allen",
            "award": "Best Actress"
        },
        {
            "englishTitle": "The Great Beauty",
            "originalTitle": "La Grande Bellezza",
            "director": "Paolo Sorrentino",
            "award": "Best Foreign Language Film"
        }
    ],
    "2012": [
        {
            "englishTitle": "Argo",
            "director": "Ben Affleck",
            "award": "Best Film"
        },
        {
            "englishTitle": "Amour",
            "director": "Michael Haneke",
            "award": "Best Foreign Language Film"
        },
        {
            "englishTitle": "Beasts of the Southern Wild",
            "director": "Benh Zeitlin"
        },
        {
            "englishTitle": "Django Unchained",
            "director": "Quentin Tarantino",
            "award": "Best Screenplay"
        },
        {
            "englishTitle": "Les Misérables",
            "director": "Tom Hooper"
        },
        {
            "englishTitle": "Life of Pi",
            "director": "Ang Lee",
            "award": "Best Director"
        },
        {
            "englishTitle": "Lincoln",
            "director": "Steven Spielberg",
            "award": "Best Actor"
        },
        {
            "englishTitle": "Silver Linings Playbook",
            "director": "David O. Russell",
            "award": "Best Actress"
        },
        {
            "englishTitle": "Zero Dark Thirty",
            "director": "Kathryn Bigelow"
        }
    ],
    "2011": [
        {
            "englishTitle": "The Artist",
            "director": "Michel Hazanavicius",
            "award": "Best Film, Best Director, Best Actor"
        },
        {
            "englishTitle": "The Descendants",
            "director": "Alexander Payne"
        },
        {
            "englishTitle": "Extremely Loud and Incredibly Close",
            "director": "Stephen Daldry"
        },
        {
            "englishTitle": "The Help",
            "director": "Tate Taylor"
        },
        {
            "englishTitle": "Hugo",
            "director": "Martin Scorsese"
        },
        {
            "englishTitle": "Midnight in Paris",
            "director": "Woody Allen",
            "award": "Best Screenplay"
        },
        {
            "englishTitle": "Moneyball",
            "director": "Bennett Miller"
        },
        {
            "englishTitle": "The Tree of Life",
            "director": "Terrence Malick"
        },
        {
            "englishTitle": "War Horse",
            "director": "Steven Spielberg"
        },
        {
            "englishTitle": "The Iron Lady",
            "director": "Phyllida Lloyd",
            "award": "Best Actress"
        },
        {
            "englishTitle": "A Separation",
            "director": "Asghar Farhadi",
            "award": "Best Foreign Language Film"
        }
    ],
    "2010": [
        {
            "englishTitle": "The King's Speech",
            "director": "Tom Hooper",
            "award": "Best Film, Best Director, Best Actor, Best Screenplay"
        },
        {
            "englishTitle": "127 Hours",
            "director": "Danny Boyle"
        },
        {
            "englishTitle": "Black Swan",
            "director": "Darren Aronofsky",
            "award": "Best Actress"
        },
        {
            "englishTitle": "The Fighter",
            "director": "David O. Russell"
        },
        {
            "englishTitle": "Inception",
            "director": "Christopher Nolan"
        },
        {
            "englishTitle": "The Kids Are All Right",
            "director": "Lisa Cholodenko"
        },
        {
            "englishTitle": "The Social Network",
            "director": "David Fincher"
        },
        {
            "englishTitle": "Toy Story 3",
            "director": "Lee Unkrich"
        },
        {
            "englishTitle": "True Grit",
            "director": "Ethan Coen, Joel Coen"
        },
        {
            "englishTitle": "Winter's Bone",
            "director": "Debra Granik"
        },
        {
            "englishTitle": "In a Better World",
            "originalTitle": "Hævnen",
            "director": "Susanne Bier",
            "award": "Best Foreign Language Film"
        }
    ],
    "2009": [
        {
            "englishTitle": "The Hurt Locker",
            "director": "Kathryn Bigelow",
            "award": "Best Film, Best Director, Best Screenplay"
        },
        {
            "englishTitle": "Avatar",
            "director": "James Cameron"
        },
        {
            "englishTitle": "The Blind Side",
            "director": "John Lee Hancock",
            "award": "Best Actress"
        },
        {
            "englishTitle": "District 9",
            "director": "Neill Blomkamp"
        },
        {
            "englishTitle": "An Education",
            "director": "Lone Scherfig"
        },
        {
            "englishTitle": "Inglourious Basterds",
            "director": "Quentin Tarantino"
        },
        {
            "englishTitle": "Precious",
            "director": "Lee Daniels"
        },
        {
            "englishTitle": "A Serious Man",
            "director": "Ethan Coen, Joel Coen"
        },
        {
            "englishTitle": "Up",
            "director": "Pete Docter"
        },
        {
            "englishTitle": "Up in the Air",
            "director": "Jason Reitman"
        },
        {
            "englishTitle": "Crazy Heart",
            "director": "Scott Cooper",
            "award": "Best Actor"
        },
        {
            "englishTitle": "The Secret in Their Eyes",
            "originalTitle": "El secreto de sus ojos",
            "director": "Juan José Campanella",
            "award": "Best Foreign Language Film"
        }
    ],
    "2008": [
        {
            "englishTitle": "Slumdog Millionaire",
            "director": "Danny Boyle",
            "award": "Best Film, Best Director"
        },
        {
            "englishTitle": "The Curious Case of Benjamin Button",
            "director": "David Fincher"
        },
        {
            "englishTitle": "Frost/Nixon",
            "director": "Ron Howard"
        },
        {
            "englishTitle": "Milk",
            "director": "Gus Van Sant",
            "award": "Best Actor, Best Screenplay"
        },
        {
            "englishTitle": "The Reader",
            "director": "Stephen Daldry",
            "award": "Best Actress"
        },
        {
            "englishTitle": "Departures",
            "director": "Yōjirō Takita",
            "award": "Best Foreign Language Film"
        }
    ],
    "2007": [
        {
            "englishTitle": "No Country for Old Men",
            "director": "Ethan Coen, Joel Coen",
            "award": "Best Film, Best Director"
        },
        {
            "englishTitle": "Atonement",
            "director": "Joe Wright"
        },
        {
            "englishTitle": "Juno",
            "director": "Jason Reitman",
            "award": "Best Screenplay"
        },
        {
            "englishTitle": "Michael Clayton",
            "director": "Tony Gilroy"
        },
        {
            "englishTitle": "There Will Be Blood",
            "director": "Paul Thomas Anderson",
            "award": "Best Actor"
        },
        {
            "englishTitle": "La Vie en Rose",
            "director": "Olivier Dahan",
            "award": "Best Actress"
        },
        {
            "englishTitle": "The Counterfeiters",
            "originalTitle": "Die Fälscher",
            "director": "Stefan Ruzowitzky",
            "award": "Best Foreign Language Film"
        }
    ],
    "2006": [
        {
            "englishTitle": "The Departed",
            "director": "Martin Scorsese",
            "award": "Best Film, Best Director"
        },
        {
            "englishTitle": "Babel",
            "director": "Alejandro González Iñárritu"
        },
        {
            "englishTitle": "Letters from Iwo Jima",
            "director": "Clint Eastwood"
        },
        {
            "englishTitle": "Little Miss Sunshine",
            "director": "Jonathan Dayton, Valerie Faris",
            "award": "Best Screenplay"
        },
        {
            "englishTitle": "The Queen",
            "director": "Stephen Frears",
            "award": "Best Actress"
        },
        {
            "englishTitle": "The Last King of Scotland",
            "director": "Kevin MacDonald",
            "award": "Best Actor"
        },
        {
            "englishTitle": "The Lives of Others",
            "originalTitle": "Das Leben der Anderen",
            "director": "Florian Henckel von Donnersmarck",
            "award": "Best Foreign Language Film"
        }
    ],
    "2005": [
        {
            "englishTitle": "Crash",
            "director": "Paul Haggis",
            "award": "Best Film, Best Screenplay"
        },
        {
            "englishTitle": "Brokeback Mountain",
            "director": "Ang Lee",
            "award": "Best Director"
        },
        {
            "englishTitle": "Capote",
            "director": "Bennett Miller",
            "award": "Best Actor"
        },
        {
            "englishTitle": "Good Night, and Good Luck",
            "director": "George Clooney"
        },
        {
            "englishTitle": "Munich",
            "director": "Steven Spielberg"
        },
        {
            "englishTitle": "Walk the Line",
            "director": "James Mangold",
            "award": "Best Actress"
        },
        {
            "englishTitle": "Tsotsi",
            "director": "Gavin Hood",
            "award": "Best Foreign Language Film"
        }
    ],
    "2004": [
        {
            "englishTitle": "Million Dollar Baby",
            "director": "Clint Eastwood",
            "award": "Best Film, Best Director, Best Actress"
        },
        {
            "englishTitle": "The Aviator",
            "director": "Martin Scorsese"
        },
        {
            "englishTitle": "Finding Neverland",
            "director": "Marc Forster"
        },
        {
            "englishTitle": "Ray",
            "director": "Taylor Hackford",
            "award": "Best Actor"
        },
        {
            "englishTitle": "Sideways",
            "director": "Alexander Payne"
        },
        {
            "englishTitle": "Eternal Sunshine of the Spotless Mind",
            "director": "Michel Gondry",
            "award": "Best Screenplay"
        },
        {
            "englishTitle": "The Sea Inside",
            "originalTitle": "Mar adentro",
            "director": "Alejandro Amenábar",
            "award": "Best Foreign Language Film"
        }
    ],
    "2003": [
        {
            "englishTitle": "The Lord of the Rings: The Return of the King",
            "director": "Peter Jackson",
            "award": "Best Film, Best Director"
        },
        {
            "englishTitle": "Lost in Translation",
            "director": "Sofia Coppola",
            "award": "Best Screenplay"
        },
        {
            "englishTitle": "Master and Commander: The Far Side of the World",
            "director": "Peter Weir"
        },
        {
            "englishTitle": "Mystic River",
            "director": "Clint Eastwood",
            "award": "Best Actor"
        },
        {
            "englishTitle": "Seabiscuit",
            "director": "Gary Ross"
        },
        {
            "englishTitle": "Monster",
            "director": "Patty Jenkins",
            "award": "Best Actress"
        },
        {
            "englishTitle": "The Barbarian Invasions",
            "originalTitle": "Les Invasions barbares",
            "director": "Denys Arcand",
            "award": "Best Foreign Language Film"
        }
    ],
    "2002": [
        {
            "englishTitle": "Chicago",
            "director": "Rob Marshall",
            "award": "Best Film"
        },
        {
            "englishTitle": "Gangs of New York",
            "director": "Martin Scorsese"
        },
        {
            "englishTitle": "The Hours",
            "director": "Stephen Daldry",
            "award": "Best Actress"
        },
        {
            "englishTitle": "The Lord of the Rings: The Two Towers",
            "director": "Peter Jackson"
        },
        {
            "englishTitle": "The Pianist",
            "director": "Roman Polanski",
            "award": "Best Director, Best Actor"
        },
        {
            "englishTitle": "Talk to Her",
            "originalTitle": "Hable con ella",
            "director": "Pedro Almodóvar",
            "award": "Best Screenplay"
        },
        {
            "englishTitle": "Nowhere in Africa",
            "originalTitle": "Nirgendwo in Afrika",
            "director": "Caroline Link",
            "award": "Best Foreign Language Film"
        }
    ],
    "2001": [
        {
            "englishTitle": "A Beautiful Mind",
            "director": "Ron Howard",
            "award": "Best Film, Best Director"
        },
        {
            "englishTitle": "Gosford Park",
            "director": "Robert Altman",
            "award": "Best Screenplay"
        },
        {
            "englishTitle": "In the Bedroom",
            "director": "Todd Field"
        },
        {
            "englishTitle": "The Lord of the Rings: The Fellowship of the Ring",
            "director": "Peter Jackson"
        },
        {
            "englishTitle": "Moulin Rouge!",
            "director": "Baz Luhrmann"
        },
        {
            "englishTitle": "Training Day",
            "director": "Antoine Fuqua",
            "award": "Best Actor"
        },
        {
            "englishTitle": "Monster's Ball",
            "director": "Marc Forster",
            "award": "Best Actress"
        },
        {
            "englishTitle": "No Man's Land",
            "originalTitle": "Ničija zemlja",
            "director": "Danis Tanović",
            "award": "Best Foreign Language Film"
        }
    ],
    "2000": [
        {
            "englishTitle": "Gladiator",
            "director": "Ridley Scott",
            "award": "Best Film, Best Actor"
        },
        {
            "englishTitle": "Chocolat",
            "director": "Lasse Hallström"
        },
        {
            "englishTitle": "Crouching Tiger, Hidden Dragon",
            "director": "Ang Lee",
            "award": "Best Foreign Language Film"
        },
        {
            "englishTitle": "Erin Brockovich",
            "director": "Steven Soderbergh",
            "award": "Best Actress"
        },
        {
            "englishTitle": "Traffic",
            "director": "Steven Soderbergh",
            "award": "Best Director"
        },
        {
            "englishTitle": "Almost Famous",
            "director": "Cameron Crowe",
            "award": "Best Screenplay"
        }
    ],
    "1999": [
        {
            "englishTitle": "American Beauty",
            "director": "Sam Mendes",
            "award": "Best Film, Best Director, Best Actor, Best Screenplay"
        },
        {
            "englishTitle": "The Cider House Rules",
            "director": "Lasse Hallström"
        },
        {
            "englishTitle": "The Green Mile",
            "director": "Frank Darabont"
        },
        {
            "englishTitle": "The Insider",
            "director": "Michael Mann"
        },
        {
            "englishTitle": "The Sixth Sense",
            "director": "M. Night Shyamalan"
        },
        {
            "englishTitle": "Boys Don't Cry",
            "director": "Kimberly Peirce",
            "award": "Best Actress"
        },
        {
            "englishTitle": "All About My Mother ",
            "originalTitle": "Todo sobre mi madre",
            "director": "Pedro Almodóvar",
            "award": "Best Foreign Language Film"
        }
    ],
    "1998": [
        {
            "englishTitle": "Shakespeare in Love",
            "director": "John Madden",
            "award": "Best Film, Best Actress, Best Screenplay"
        },
        {
            "englishTitle": "Elizabeth",
            "director": "Shekhar Kapur"
        },
        {
            "englishTitle": "Life Is Beautiful",
            "originalTitle": "La vita è bella",
            "director": "Roberto Benigni",
            "award": "Best Actor, Best Foreign Language Film"
        },
        {
            "englishTitle": "Saving Private Ryan",
            "director": "Steven Spielberg",
            "award": "Best Director"
        },
        {
            "englishTitle": "The Thin Red Line",
            "director": "Terrence Malick"
        }
    ],
    "1997": [
        {
            "englishTitle": "Titanic",
            "director": "James Cameron",
            "award": "Best Film, Best Director"
        },
        {
            "englishTitle": "As Good as It Gets",
            "director": "James L. Brooks",
            "award": "Best Actor, Best Actress"
        },
        {
            "englishTitle": "The Full Monty",
            "director": "Peter Cattaneo"
        },
        {
            "englishTitle": "Good Will Hunting",
            "director": "Gus Van Sant",
            "award": "Best Screenplay"
        },
        {
            "englishTitle": "L.A. Confidential",
            "director": "Curtis Hanson"
        },
        {
            "englishTitle": "Character",
            "originalTitle": "Karakter",
            "director": "Mike van Diem",
            "award": "Best Foreign Language Film"
        }
    ],
    "1996": [
        {
            "englishTitle": "The English Patient",
            "director": "Anthony Minghella",
            "award": "Best Film, Best Director"
        },
        {
            "englishTitle": "Fargo",
            "director": "Joel Coen",
            "award": "Best Actress, Best Screenplay"
        },
        {
            "englishTitle": "Jerry Maguire",
            "director": "Cameron Crowe"
        },
        {
            "englishTitle": "Secrets & Lies",
            "director": "Mike Leigh"
        },
        {
            "englishTitle": "Shine",
            "director": "Scott Hicks",
            "award": "Best Actor"
        },
        {
            "englishTitle": "Kolya",
            "originalTitle": "Kolja",
            "director": "Jan Svěrák",
            "award": "Best Foreign Language Film"
        }
    ],
    "1995": [
        {
            "englishTitle": "Braveheart",
            "director": "Mel Gibson",
            "award": "Best Film, Best Director"
        },
        {
            "englishTitle": "Apollo 13",
            "director": "Ron Howard"
        },
        {
            "englishTitle": "Babe",
            "director": "Chris Noonan"
        },
        {
            "englishTitle": "The Postman",
            "originalTitle": "Il Postino",
            "director": "Michael Radford"
        },
        {
            "englishTitle": "Sense and Sensibility",
            "director": "Ang Lee"
        },
        {
            "englishTitle": "Leaving Las Vegas",
            "director": "Mike Figgis",
            "award": "Best Actor"
        },
        {
            "englishTitle": "Dead Man Walking",
            "director": "Tim Robbins",
            "award": "Best Actress"
        },
        {
            "englishTitle": "The Usual Suspects",
            "director": "Bryan Singer",
            "award": "Best Screenplay"
        },
        {
            "englishTitle": "Antonia's Line",
            "originalTitle": "Antonia",
            "director": "Marleen Gorris",
            "award": "Best Foreign Language Film"
        }
    ],
    "1994": [
        {
            "englishTitle": "Forrest Gump",
            "director": "Robert Zemeckis",
            "award": "Best Film, Best Director, Best Actor"
        },
        {
            "englishTitle": "Four Weddings and a Funeral",
            "director": "Mike Newell"
        },
        {
            "englishTitle": "Pulp Fiction",
            "director": "Quentin Tarantino",
            "award": "Best Screenplay"
        },
        {
            "englishTitle": "Quiz Show",
            "director": "Robert Redford"
        },
        {
            "englishTitle": "The Shawshank Redemption",
            "director": "Frank Darabont"
        },
        {
            "englishTitle": "Blue Sky",
            "director": "Tony Richardson",
            "award": "Best Actress"
        },
        {
            "englishTitle": "Burnt by the Sun",
            "originalTitle": "Утомлённые солнцем",
            "director": "Nikita Mikhalkov",
            "award": "Best Foreign Language Film"
        }
    ],
    "1993": [
        {
            "englishTitle": "Schindler's List",
            "director": "Steven Spielberg",
            "award": "Best Film, Best Director"
        },
        {
            "englishTitle": "The Fugitive",
            "director": "Andrew Davis"
        },
        {
            "englishTitle": "In the Name of the Father",
            "director": "Jim Sheridan"
        },
        {
            "englishTitle": "The Piano",
            "director": "Jane Campion",
            "award": "Best Actress, Best Screenplay"
        },
        {
            "englishTitle": "The Remains of the Day",
            "director": "James Ivory"
        },
        {
            "englishTitle": "Philadelphia",
            "director": "Jonathan Demme",
            "award": "Best Actor"
        },
        {
            "englishTitle": "Belle Époque",
            "director": "Fernando Trueba",
            "award": "Best Foreign Language Film"
        }
    ],
    "1992": [
        {
            "englishTitle": "Unforgiven",
            "director": "Clint Eastwood",
            "award": "Best Film, Best Director"
        },
        {
            "englishTitle": "The Crying Game",
            "director": "Neil Jordan"
        },
        {
            "englishTitle": "A Few Good Men",
            "director": "Rob Reiner"
        },
        {
            "englishTitle": "Howards End",
            "director": "James Ivory",
            "award": "Best Actress"
        },
        {
            "englishTitle": "Scent of a Woman",
            "director": "Martin Brest",
            "award": "Best Actor"
        },
        {
            "englishTitle": "The Crying Game",
            "director": "Neil Jordan",
            "award": "Best Screenplay"
        },
        {
            "englishTitle": "Indochine",
            "director": "Régis Wargnier",
            "award": "Best Foreign Language Film"
        }
    ],
    "1991": [
        {
            "englishTitle": "The Silence of the Lambs",
            "director": "Jonathan Demme",
            "award": "Best Film, Best Director, Best Actor, Best Actress"
        },
        {
            "englishTitle": "Beauty and the Beast",
            "director": "Gary Trousdale, Kirk Wise"
        },
        {
            "englishTitle": "Bugsy",
            "director": "Barry Levinson"
        },
        {
            "englishTitle": "JFK",
            "director": "Oliver Stone"
        },
        {
            "englishTitle": "The Prince of Tides",
            "director": "Barbra Streisand"
        },
        {
            "englishTitle": "Thelma & Louise ",
            "director": "Ridley Scott",
            "award": "Best Screenplay"
        },
        {
            "englishTitle": "Mediterraneo",
            "director": "Gabriele Salvatores",
            "award": "Best Foreign Language Film"
        }
    ],
    "1990": [
        {
            "englishTitle": "Dances with Wolves",
            "director": "Kevin Costner",
            "award": "Best Film, Best Director"
        },
        {
            "englishTitle": "Awakenings",
            "director": "Penny Marshall"
        },
        {
            "englishTitle": "Ghost",
            "director": "Jerry Zucker",
            "award": "Best Screenplay"
        },
        {
            "englishTitle": "The Godfather Part III",
            "director": "Francis Ford Coppola"
        },
        {
            "englishTitle": "Goodfellas",
            "director": "Martin Scorsese"
        },
        {
            "englishTitle": "Reversal of Fortune",
            "director": "Barbet Schroeder",
            "award": "Best Actor"
        },
        {
            "englishTitle": "Misery",
            "director": "Rob Reiner",
            "award": "Best Actress"
        },
        {
            "englishTitle": "Journey of Hope",
            "originalTitle": "Reise der Hoffnung",
            "director": "Xavier Koller",
            "award": "Best Foreign Language Film"
        }
    ],
    "1989": [
        {
            "englishTitle": "Driving Miss Daisy",
            "director": "Bruce Beresford",
            "award": "Best Film, Best Actress"
        },
        {
            "englishTitle": "Born on the Fourth of July",
            "director": "Oliver Stone",
            "award": "Best Director"
        },
        {
            "englishTitle": "Dead Poets Society",
            "director": "Peter Weir",
            "award": "Best Screenplay"
        },
        {
            "englishTitle": "Field of Dreams",
            "director": "Phil Alden Robinson"
        },
        {
            "englishTitle": "My Left Foot",
            "director": "Jim Sheridan",
            "award": "Best Actor"
        },
        {
            "englishTitle": "Cinema Paradiso",
            "originalTitle": "Nuovo Cinema Paradiso",
            "director": "Giuseppe Tornatore",
            "award": "Best Foreign Language Film"
        }
    ],
    "1988": [
        {
            "englishTitle": "Rain Man",
            "director": "Barry Levinson",
            "award": "Best Film, Best Director, Best Actor, Best Screenplay"
        },
        {
            "englishTitle": "The Accidental Tourist",
            "director": "Lawrence Kasdan"
        },
        {
            "englishTitle": "Dangerous Liaisons",
            "director": "Stephen Frears"
        },
        {
            "englishTitle": "Mississippi Burning",
            "director": "Alan Parker"
        },
        {
            "englishTitle": "Working Girl",
            "director": "Mike Nichols"
        },
        {
            "englishTitle": "The Accused",
            "director": "Jonathan Kaplan",
            "award": "Best Actress"
        },
        {
            "englishTitle": "Pelle the Conqueror",
            "originalTitle": "Pelle Erobreren",
            "director": "Bille August",
            "award": "Best Foreign Language Film"
        }
    ],
    "1987": [
        {
            "englishTitle": "The Last Emperor",
            "director": "Bernardo Bertolucci",
            "award": "Best Film, Best Director"
        },
        {
            "englishTitle": "Broadcast News",
            "director": "James L. Brooks"
        },
        {
            "englishTitle": "Fatal Attraction",
            "director": "Adrian Lyne"
        },
        {
            "englishTitle": "Hope and Glory",
            "director": "John Boorman"
        },
        {
            "englishTitle": "Moonstruck",
            "director": "Norman Jewison",
            "award": "Best Actress, Best Screenplay"
        },
        {
            "englishTitle": "Wall Street ",
            "director": "Oliver Stone",
            "award": "Best Actor"
        },
        {
            "englishTitle": "Babette's Feast",
            "originalTitle": "Babettes gæstebud",
            "director": "Gabriel Axel",
            "award": "Best Foreign Language Film"
        }
    ],
    "1986": [
        {
            "englishTitle": "Platoon",
            "director": "Oliver Stone",
            "award": "Best Film, Best Director"
        },
        {
            "englishTitle": "Children of a Lesser God",
            "director": "Randa Haines",
            "award": "Best Actress"
        },
        {
            "englishTitle": "Hannah and Her Sisters",
            "director": "Woody Allen",
            "award": "Best Screenplay"
        },
        {
            "englishTitle": "The Mission",
            "director": "Roland Joffé"
        },
        {
            "englishTitle": "A Room with a View",
            "director": "James Ivory"
        },
        {
            "englishTitle": "The Color of Money",
            "director": "Martin Scorsese",
            "award": "Best Actor"
        },
        {
            "englishTitle": "The Assault",
            "originalTitle": "De aanslag",
            "director": "Fons Rademakers",
            "award": "Best Foreign Language Film"
        }
    ],
    "1985": [
        {
            "englishTitle": "Out of Africa",
            "director": "Sydney Pollack",
            "award": "Best Film, Best Director"
        },
        {
            "englishTitle": "The Color Purple",
            "director": "Steven Spielberg"
        },
        {
            "englishTitle": "Kiss of the Spider Woman",
            "director": "Héctor Babenco",
            "award": "Best Actor"
        },
        {
            "englishTitle": "Prizzi's Honor",
            "director": "John Huston"
        },
        {
            "englishTitle": "Witness",
            "director": "Peter Weir",
            "award": "Best Screenplay"
        },
        {
            "englishTitle": "The Trip to Bountiful",
            "director": "Peter Masterson",
            "award": "Best Actress"
        },
        {
            "englishTitle": "The Official Story",
            "originalTitle": "La historia oficial",
            "director": "Luis Puenzo",
            "award": "Best Foreign Language Film"
        }
    ],
    "1984": [
        {
            "englishTitle": "Amadeus",
            "director": "Miloš Forman",
            "award": "Best Film, Best Director, Best Actor"
        },
        {
            "englishTitle": "The Killing Fields",
            "director": "Roland Joffé"
        },
        {
            "englishTitle": "A Passage to India",
            "director": "David Lean"
        },
        {
            "englishTitle": "Places in the Heart",
            "director": "Robert Benton",
            "award": "Best Actress, Best Screenplay"
        },
        {
            "englishTitle": "A Soldier's Story",
            "director": "Norman Jewison"
        },
        {
            "englishTitle": "Dangerous Moves",
            "originalTitle": "La Diagonale du fou",
            "director": "Richard Dembo",
            "award": "Best Foreign Language Film"
        }
    ],
    "1983": [
        {
            "englishTitle": "Terms of Endearment",
            "director": "James L. Brooks",
            "award": "Best Film, Best Director"
        },
        {
            "englishTitle": "The Big Chill",
            "director": "Lawrence Kasdan"
        },
        {
            "englishTitle": "The Dresser",
            "director": "Peter Yates"
        },
        {
            "englishTitle": "The Right Stuff",
            "director": "Philip Kaufman"
        },
        {
            "englishTitle": "Tender Mercies",
            "director": "Bruce Beresford",
            "award": "Best Actor, Best Actress, Best Screenplay"
        },
        {
            "englishTitle": "Fanny and Alexander",
            "originalTitle": "Fanny och Alexander",
            "director": "Ingmar Bergman",
            "award": "Best Foreign Language Film"
        }
    ],
    "1982": [
        {
            "englishTitle": "Gandhi",
            "director": "Richard Attenborough",
            "award": "Best Film, Best Director, Best Actor, Best Screenplay"
        },
        {
            "englishTitle": "E.T. the Extra-Terrestrial",
            "originalTitle": "E.T.",
            "director": "Steven Spielberg"
        },
        {
            "englishTitle": "Missing",
            "director": "Costa-Gavras"
        },
        {
            "englishTitle": "Tootsie",
            "director": "Sydney Pollack"
        },
        {
            "englishTitle": "The Verdict",
            "director": "Sidney Lumet"
        },
        {
            "englishTitle": "Sophie's Choice",
            "director": "Alan J. Pakula",
            "award": "Best Actress"
        },
        {
            "englishTitle": "Begin the Beguine",
            "originalTitle": "Volver a Empezar",
            "director": "José Luis Garci",
            "award": "Best Foreign Language Film"
        }
    ],
    "1981": [
        {
            "englishTitle": "Chariots of Fire",
            "director": "Hugh Hudson",
            "award": "Best Film, Best Screenplay"
        },
        {
            "englishTitle": "Atlantic City",
            "director": "Louis Malle"
        },
        {
            "englishTitle": "On Golden Pond",
            "director": "Mark Rydell",
            "award": "Best Actor, Best Actress"
        },
        {
            "englishTitle": "Raiders of the Lost Ark",
            "director": "Steven Spielberg"
        },
        {
            "englishTitle": "Reds",
            "director": "Warren Beatty",
            "award": "Best Director"
        },
        {
            "englishTitle": "Mephisto",
            "director": "István Szabó",
            "award": "Best Foreign Language Film"
        }
    ]
}