{
    "2014": [
        {
            "englishTitle": "Black and White",
            "director": "Mike Binder"
        },
        {
            "englishTitle": "Boychoir",
            "director": "François Girard"
        },
        {
            "englishTitle": "The Connection",
            "director": "Cedric Jimenez"
        },
        {
            "englishTitle": "The Equalizer",
            "director": "Antoine Fuqua"
        },
        {
            "englishTitle": "Escobar: Paradise Lost",
            "director": "Andrea Di Stefano"
        },
        {
            "englishTitle": "The Forger",
            "director": "Philip Martin"
        },
        {
            "englishTitle": "Foxcatcher",
            "director": "Bennett Miller"
        },
        {
            "englishTitle": "Haemoo",
            "director": "Shim Sung-bo"
        },
        {
            "englishTitle": "Infinitely Polar Bear",
            "director": "Maya Forbes"
        },
        {
            "englishTitle": "The Judge",
            "director": "David Dobkin"
        },
        {
            "englishTitle": "Laggies",
            "director": "Lynn Shelton"
        },
        {
            "englishTitle": "A Little Chaos",
            "director": "Alan Rickman"
        },
        {
            "englishTitle": "Maps to the Stars",
            "director": "David Cronenberg"
        },
        {
            "englishTitle": "The New Girlfriend",
            "director": "François Ozon"
        },
        {
            "englishTitle": "Pawn Sacrifice",
            "director": "Ed Zwick"
        },
        {
            "englishTitle": "The Riot Club",
            "director": "Lone Scherfig"
        },
        {
            "englishTitle": "Ruth & Alex",
            "director": "Richard Loncraine"
        },
        {
            "englishTitle": "Samba",
            "director": "Olivier Nakache, Eric Toledano"
        },
        {
            "englishTitle": "This is Where I Leave You",
            "director": "Shawn Levy"
        },
        {
            "englishTitle": "Wild",
            "director": "Jean-Marc Vallée"
        },
        {
            "englishTitle": "1001 Grams",
            "director": "Bent Hamer"
        },
        {
            "englishTitle": "A Pigeon Sat on a Branch Reflecting on Existence",
            "director": "Roy Andersson"
        },
        {
            "englishTitle": "The Face of an Angel",
            "director": "Michael Winterbottom"
        },
        {
            "englishTitle": "Foreign Body",
            "director": "Krzysztof Zanussi"
        },
        {
            "englishTitle": "The Golden Era",
            "director": "Ann Hui"
        },
        {
            "englishTitle": "Goodbye to Language",
            "director": "Jean-Luc Godard"
        },
        {
            "englishTitle": "Hill of Freedom",
            "director": "Hong Sang-soo"
        },
        {
            "englishTitle": "Leviathan",
            "director": "Andrey Zvyagintsev"
        },
        {
            "englishTitle": "Murder in Pacot",
            "director": "Raoul Peck"
        },
        {
            "englishTitle": "Revivre",
            "director": "Im Kwon-taek"
        },
        {
            "englishTitle": "The Tale of Princess Kaguya",
            "director": "Isao Takahata"
        },
        {
            "englishTitle": "Timbuktu",
            "director": "Abderrahmane Sissako"
        },
        {
            "englishTitle": "Trick or Treaty?",
            "director": "Alanis Obomsawin"
        },
        {
            "englishTitle": "Winter Sleep",
            "director": "Nuri Bilge Ceylan"
        },
        {
            "englishTitle": "The Imitation Game",
            "director": "Morten Tyldum",
            "award": "Best Film"
        },
        {
            "englishTitle": "Learning to Drive",
            "director": "Isabel Coixet",
            "award": "Best Director"
        }
    ],
    "2013": [
        {
            "englishTitle": "American Dreams in China",
            "director": "Peter Chan"
        },
        {
            "englishTitle": "The Art of the Steal",
            "director": "Jonathan Sobol"
        },
        {
            "englishTitle": "August: Osage County",
            "director": "John Wells"
        },
        {
            "englishTitle": "Blood Ties",
            "director": "Guillaume Canet"
        },
        {
            "englishTitle": "Bright Days Ahead",
            "director": "Marion Vernoux"
        },
        {
            "englishTitle": "Cold Eyes",
            "director": "Jo Ui-seok, Kim Byung-seo"
        },
        {
            "englishTitle": "The Fifth Estate",
            "director": "Bill Condon"
        },
        {
            "englishTitle": "The Grand Seduction",
            "director": "Don McKellar"
        },
        {
            "englishTitle": "Kill Your Darlings",
            "director": "John Krokidas"
        },
        {
            "englishTitle": "Life of Crime",
            "director": "Daniel Schechter"
        },
        {
            "englishTitle": "The Love Punch",
            "director": "Joel Hopkins"
        },
        {
            "englishTitle": "The Lunchbox",
            "director": "Ritesh Batra"
        },
        {
            "englishTitle": "Mandela: Long Walk to Freedom",
            "director": "Justin Chadwick"
        },
        {
            "englishTitle": "Parkland",
            "director": "Peter Landesman"
        },
        {
            "englishTitle": "The Railway Man",
            "director": "Jonathan Teplitzky"
        },
        {
            "englishTitle": "The Right Kind of Wrong",
            "director": "Jeremiah S. Chechik"
        },
        {
            "englishTitle": "Rush",
            "director": "Ron Howard"
        },
        {
            "englishTitle": "A Random Desi Romance",
            "director": "Maneesh Sharma"
        },
        {
            "englishTitle": "Supermensch: The Legend of Shep Gordon",
            "director": "Mike Myers"
        },
        {
            "englishTitle": "Words and Pictures",
            "director": "Fred Schepisi"
        },
        {
            "englishTitle": "12 Years a Slave",
            "director": "Steve McQueen",
            "award": "Best Film"
        },
        {
            "englishTitle": "Philomena",
            "director": "Stephen Frears",
            "award": "Best Director"
        },
        {
            "englishTitle": "Abuse of Weakness",
            "director": "Catherine Breillat"
        },
        {
            "englishTitle": "Bastards",
            "director": "Claire Denis"
        },
        {
            "englishTitle": "Closed Curtain",
            "director": "Jafar Panahi, Kambuzia Partovi"
        },
        {
            "englishTitle": "Concrete Night",
            "director": "Pirjo Honkasalo"
        },
        {
            "englishTitle": "Home From Home - Chronicle of a Vision",
            "director": "Edgar Reitz"
        },
        {
            "englishTitle": "How Strange to be Named Federico: Scola narrates Fellini",
            "director": "Ettore Scola"
        },
        {
            "englishTitle": "Moebius",
            "director": "Kim Ki-duk"
        },
        {
            "englishTitle": "Norte, the End of History",
            "director": "Lav Diaz"
        },
        {
            "englishTitle": "Our Sunhi",
            "director": "Hong Sang-soo"
        },
        {
            "englishTitle": "A Touch of Sin",
            "director": "Jia Zhangke"
        },
        {
            "englishTitle": "Triptyque",
            "director": "Robert Lepage, Pedro Pires"
        }
    ],
    "2012": [
        {
            "englishTitle": "Argo",
            "director": "Ben Affleck"
        },
        {
            "englishTitle": "The Company You Keep",
            "director": "Robert Redford"
        },
        {
            "englishTitle": "Dangerous Liaisons",
            "director": "Hur Jin-ho"
        },
        {
            "englishTitle": "Emperor",
            "director": "Peter Webber"
        },
        {
            "englishTitle": "English Vinglish",
            "director": "Gauri Shinde"
        },
        {
            "englishTitle": "Free Angela & All Political Prisoners",
            "director": "Shola Lynch"
        },
        {
            "englishTitle": "Great Expectations",
            "director": "Mike Newell"
        },
        {
            "englishTitle": "Hyde Park on Hudson",
            "director": "Roger Michell"
        },
        {
            "englishTitle": "Inescapable",
            "director": "Ruba Nadda"
        },
        {
            "englishTitle": "Jayne Mansfield's Car",
            "director": "Billy Bob Thornton"
        },
        {
            "englishTitle": "Looper",
            "director": "Rian Johnson"
        },
        {
            "englishTitle": "Love, Marilyn",
            "director": "Liz Garbus"
        },
        {
            "englishTitle": "Midnight's Children",
            "director": "Deepa Mehta"
        },
        {
            "englishTitle": "The Reluctant Fundamentalist",
            "director": "Mira Nair"
        },
        {
            "englishTitle": "A Royal Affair",
            "director": "Nikolaj Arcel"
        },
        {
            "englishTitle": "Silver Linings Playbook",
            "director": "David O. Russell",
            "award": "Best Film"
        },
        {
            "englishTitle": "Song for Marion",
            "director": "Paul Andrew Williams"
        },
        {
            "englishTitle": "Thermae Romae",
            "director": "Hideki Takeuchi"
        },
        {
            "englishTitle": "Twice Born",
            "director": "Sergio Castellitto"
        },
        {
            "englishTitle": "What Maisie Knew",
            "director": "Scott McGehee, David Siegel"
        },
        {
            "englishTitle": "Amour",
            "director": "Michael Haneke"
        },
        {
            "englishTitle": "Beyond the Hills",
            "originalTitle": "Dupa Dealuri",
            "director": "Cristian Mungiu"
        },
        {
            "englishTitle": "The End of Time",
            "director": "Peter Mettler"
        },
        {
            "englishTitle": "Everyday",
            "director": "Michael Winterbottom"
        },
        {
            "englishTitle": "Gebo and the Shadow",
            "originalTitle": "Gebo et l'ombre",
            "director": "Manoel de Oliveira"
        },
        {
            "englishTitle": "In Another Country",
            "originalTitle": "Da-Reun Na-ra-e-suh",
            "director": "Hong Sang-soo"
        },
        {
            "englishTitle": "Like Someone in Love",
            "director": "Abbas Kiarostami"
        },
        {
            "englishTitle": "Me and You",
            "director": "Bernardo Bertolucci"
        },
        {
            "englishTitle": "Night Across the Street",
            "originalTitle": "La Noche de Enfrente",
            "director": "Raúl Ruiz"
        },
        {
            "englishTitle": "Pietà",
            "director": "Kim Ki-duk"
        },
        {
            "englishTitle": "Something in the Air",
            "originalTitle": "Après mai",
            "director": "Olivier Assayas"
        },
        {
            "englishTitle": "Student",
            "director": "Darezhan Omirbayev"
        },
        {
            "englishTitle": "Tout ce que tu possèdes",
            "originalTitle": "All That You Possess",
            "director": "Bernard Émond"
        },
        {
            "englishTitle": "When Day Breaks",
            "director": "Goran Paskaljevic"
        },
        {
            "englishTitle": "Artifact",
            "director": "Jared Leto",
            "award": "Best Documentary"
        }
    ],
    "2011": [
        {
            "englishTitle": "Albert Nobbs",
            "director": "Rodrigo García"
        },
        {
            "englishTitle": "The Awakening",
            "director": "Nick Murphy"
        },
        {
            "englishTitle": "The Beloved",
            "director": "Christophe Honoré"
        },
        {
            "englishTitle": "Butter",
            "director": "Jim Field Smith"
        },
        {
            "englishTitle": "A Dangerous Method",
            "director": "David Cronenberg"
        },
        {
            "englishTitle": "From the Sky Down",
            "director": "Davis Guggenheim"
        },
        {
            "englishTitle": "A Happy Event",
            "director": "Rémi Bezançon"
        },
        {
            "englishTitle": "Hysteria",
            "director": "Tanya Wexler"
        },
        {
            "englishTitle": "The Ides of March",
            "director": "George Clooney"
        },
        {
            "englishTitle": "Killer Elite",
            "director": "Gary McKendry"
        },
        {
            "englishTitle": "The Lady",
            "director": "Luc Besson"
        },
        {
            "englishTitle": "Machine Gun Preacher",
            "director": "Marc Forster"
        },
        {
            "englishTitle": "Moneyball",
            "director": "Bennett Miller"
        },
        {
            "englishTitle": "Page Eight",
            "director": "David Hare"
        },
        {
            "englishTitle": "Peace, Love and Misunderstanding",
            "director": "Bruce Beresford"
        },
        {
            "englishTitle": "Starbuck",
            "director": "Ken Scott"
        },
        {
            "englishTitle": "Take This Waltz",
            "director": "Sarah Polley"
        },
        {
            "englishTitle": "Trespass",
            "director": "Joel Schumacher"
        },
        {
            "englishTitle": "W.E.",
            "director": "Madonna"
        },
        {
            "englishTitle": "Winnie",
            "director": "Darrell Roodt"
        },
        {
            "englishTitle": "Almayer's Folly",
            "director": "Chantal Akerman"
        },
        {
            "englishTitle": "Faust",
            "director": "Alexander Sokurov"
        },
        {
            "englishTitle": "Hard Core Logo 2",
            "director": "Bruce McDonald"
        },
        {
            "englishTitle": "Le Havre",
            "director": "Aki Kaurismäki"
        },
        {
            "englishTitle": "I Wish",
            "director": "Hirokazu Koreeda"
        },
        {
            "englishTitle": "The Kid with a Bike",
            "director": "Jean-Pierre Dardenne, Luc Dardenne"
        },
        {
            "englishTitle": "Once Upon a Time in Anatolia",
            "director": "Nuri Bilge Ceylan"
        },
        {
            "englishTitle": "Outside Satan",
            "director": "Bruno Dumont"
        },
        {
            "englishTitle": "Pina",
            "director": "Wim Wenders"
        },
        {
            "englishTitle": "Restless",
            "director": "Gus Van Sant"
        },
        {
            "englishTitle": "The Snows of Kilimanjaro",
            "director": "Robert Guédiguian"
        },
        {
            "englishTitle": "This Is Not a Film",
            "director": "Mojtaba Mirtahmasb, Jafar Panahi"
        },
        {
            "englishTitle": "The Turin Horse",
            "director": "Béla Tarr, Ágnes Hranitzky"
        },
        {
            "englishTitle": "Where Do We Go Now?",
            "director": "Nadine Labaki",
            "award": "Best Film"
        },
        {
            "englishTitle": "The Island President",
            "director": "Jon Shenk",
            "award": "Best Director"
        },
        {
            "englishTitle": "The Raid",
            "director": "Gareth Evans",
            "award": "Midnight Madness"
        }
    ],
    "2010": [
        {
            "englishTitle": "The Bang Bang Club",
            "director": "Steven Silver"
        },
        {
            "englishTitle": "Barney's Version",
            "director": "Richard J. Lewis"
        },
        {
            "englishTitle": "A Beginner's Guide to Endings",
            "director": "Jonathan Sobol"
        },
        {
            "englishTitle": "Black Swan",
            "director": "Darren Aronofsky"
        },
        {
            "englishTitle": "Casino Jack",
            "director": "George Hickenlooper"
        },
        {
            "englishTitle": "The Conspirator",
            "director": "Robert Redford"
        },
        {
            "englishTitle": "The Debt",
            "director": "John Madden"
        },
        {
            "englishTitle": "The Housemaid",
            "director": "Im Sang-soo"
        },
        {
            "englishTitle": "Janie Jones",
            "director": "David M. Rosenthal"
        },
        {
            "englishTitle": "The King's Speech",
            "director": "Tom Hooper",
            "award": "Best Film"
        },
        {
            "englishTitle": "Last Night",
            "director": "Massy Tadjedin"
        },
        {
            "englishTitle": "Little White Lies",
            "director": "Guillaume Canet"
        },
        {
            "englishTitle": "Peep World",
            "director": "Barry Blaustein"
        },
        {
            "englishTitle": "Potiche",
            "director": "François Ozon"
        },
        {
            "englishTitle": "The Promise: The Making of Darkness on the Edge of Town",
            "director": "Thom Zimny"
        },
        {
            "englishTitle": "Sarah's Key",
            "director": "Gilles Paquet Brenner"
        },
        {
            "englishTitle": "The Town",
            "director": "Ben Affleck"
        },
        {
            "englishTitle": "The Way",
            "director": "Emilio Estevez"
        },
        {
            "englishTitle": "West is West",
            "director": "Andy De Emmony"
        },
        {
            "englishTitle": "13 Assassins",
            "director": "Takashi Miike"
        },
        {
            "englishTitle": "Essential Killing",
            "director": "Jerzy Skolimowski"
        },
        {
            "englishTitle": "Film Socialisme",
            "director": "Jean-Luc Godard"
        },
        {
            "englishTitle": "I Wish I Knew",
            "director": "Jia Zhang-ke"
        },
        {
            "englishTitle": "Poetry",
            "director": "Lee Chang-dong"
        },
        {
            "englishTitle": "Roses à Crédit",
            "director": "Amos Gitai"
        },
        {
            "englishTitle": "Route Irish",
            "director": "Ken Loach"
        },
        {
            "englishTitle": "The Sleeping Beauty",
            "director": "Catherine Breillat"
        },
        {
            "englishTitle": "The Strange Case of Angelica",
            "director": "Manoel de Oliveira"
        },
        {
            "englishTitle": "Uncle Boonmee Who Can Recall His Past Lives",
            "director": "Apichatpong Weerasethakul"
        },
        {
            "englishTitle": "Stake Land",
            "director": "Jim Mickle",
            "award": "Midnight Madness"
        }
    ],
    "2009": [
        {
            "englishTitle": "Agora",
            "director": "Alejandro Amenabar"
        },
        {
            "englishTitle": "Chloe",
            "director": "Atom Egoyan"
        },
        {
            "englishTitle": "Coco Chanel and Igor Stravinsky",
            "director": "Jan Kounen"
        },
        {
            "englishTitle": "Cooking with Stella",
            "director": "Dilip Mehta"
        },
        {
            "englishTitle": "Creation",
            "director": "Jon Amiel"
        },
        {
            "englishTitle": "The Damned United",
            "director": "Tom Hooper"
        },
        {
            "englishTitle": "Dil Bole Hadippa",
            "director": "Anurag Singh"
        },
        {
            "englishTitle": "Dorian Gray",
            "director": "Oliver Parker"
        },
        {
            "englishTitle": "Get Low",
            "director": "Aaron Schneider"
        },
        {
            "englishTitle": "I, Don Giovanni",
            "director": "Carlos Saura"
        },
        {
            "englishTitle": "The Imaginarium of Doctor Parnassus",
            "director": "Terry Gilliam"
        },
        {
            "englishTitle": "Love and Other Impossible Pursuits",
            "director": "Don Roos"
        },
        {
            "englishTitle": "Max Manus",
            "director": "Espen Sandberg, Joachim Roenning"
        },
        {
            "englishTitle": "The Men Who Stare at Goats",
            "director": "Grant Heslov"
        },
        {
            "englishTitle": "Micmacs",
            "director": "Jean-Pierre Jeunet"
        },
        {
            "englishTitle": "Mother and Child",
            "director": "Rodrigo García"
        },
        {
            "englishTitle": "Phantom Pain",
            "director": "Matthias Emcke"
        },
        {
            "englishTitle": "Precious",
            "director": "Lee Daniels",
            "award": "Best Film"
        },
        {
            "englishTitle": "The Private Lives of Pippa Lee",
            "director": "Rebecca Miller"
        },
        {
            "englishTitle": "What's Your Raashee?",
            "director": "Ashutosh Gowariker"
        },
        {
            "englishTitle": "The Young Victoria",
            "director": "Jean-Marc Vallee"
        },
        {
            "englishTitle": "Air Doll",
            "director": "Hirokazu Kore-eda"
        },
        {
            "englishTitle": "La Donation",
            "director": "Bernard Emond"
        },
        {
            "englishTitle": "Eccentricities of a Blond Hair Girl",
            "director": "Manoel de Oliveira"
        },
        {
            "englishTitle": "Les Herbes folles",
            "director": "Alain Resnais"
        },
        {
            "englishTitle": "Janala",
            "director": "Buddhadeb Dasgupta"
        },
        {
            "englishTitle": "Mao's Last Dancer",
            "director": "Bruce Beresford",
            "award": "Best Director"
        }
    ],
    "2008": [
        {
            "englishTitle": "Aide-toi et le ciel t'aidera",
            "director": "François Dupeyron"
        },
        {
            "englishTitle": "Adoration",
            "director": "Atom Egoyan"
        },
        {
            "englishTitle": "Appaloosa",
            "director": "Ed Harris"
        },
        {
            "englishTitle": "Un Barrage center le pacifique",
            "director": "Rithy Panh"
        },
        {
            "englishTitle": "Blindness",
            "director": "Fernando Meirelles"
        },
        {
            "englishTitle": "The Brothers Bloom",
            "director": "Rian Johnson"
        },
        {
            "englishTitle": "Un conte de Noël",
            "director": "Arnaud Desplechin"
        },
        {
            "englishTitle": "Disgrace",
            "director": "Steve Jacobs"
        },
        {
            "englishTitle": "Il Divo",
            "director": "Paolo Sorrentino"
        },
        {
            "englishTitle": "The Duchess",
            "director": "Saul Dibb"
        },
        {
            "englishTitle": "Easy Virtue",
            "director": "Stephen Elliott"
        },
        {
            "englishTitle": "Fifty Dead Men Walking",
            "director": "Kari Skogland"
        },
        {
            "englishTitle": "Food, Inc.",
            "director": "Robert Kenner"
        },
        {
            "englishTitle": "Genova",
            "director": "Michael Winterbottom"
        },
        {
            "englishTitle": "Gomorrah",
            "director": "Matteo Garrone"
        },
        {
            "englishTitle": "Good",
            "director": "Vincente Amorim"
        },
        {
            "englishTitle": "The Good, the Bad, the Weird",
            "director": "Kim Jee-woon"
        },
        {
            "englishTitle": "Heaven on Earth",
            "director": "Deepa Mehta"
        },
        {
            "englishTitle": "The Hurt Locker",
            "director": "Kathryn Bigelow"
        },
        {
            "englishTitle": "Is There Anybody There?",
            "director": "John Crowley"
        },
        {
            "englishTitle": "It's Not Me",
            "director": "Philippe Falardeau"
        },
        {
            "englishTitle": "The Loss of a Teardrop Diamond",
            "director": "Jodie Markell"
        },
        {
            "englishTitle": "The Lucky Ones",
            "director": "Neil Burger"
        },
        {
            "englishTitle": "Management",
            "director": "Stephen Belber"
        },
        {
            "englishTitle": "Me and Orson Welles",
            "director": "Richard Linklater"
        },
        {
            "englishTitle": "Miracle at St. Anna",
            "director": "Spike Lee"
        },
        {
            "englishTitle": "Nick & Norah's Infinite Playlist",
            "director": "Peter Sollett"
        },
        {
            "englishTitle": "O' Horten",
            "director": "Bent Hamer"
        },
        {
            "englishTitle": "One Week",
            "director": "Michael McGowan"
        },
        {
            "englishTitle": "The Other Man",
            "director": "Richard Eyre"
        },
        {
            "englishTitle": "Pedro",
            "director": "Nicholas Oceano"
        },
        {
            "englishTitle": "Pride and Glory",
            "director": "Gavin O'Connor"
        },
        {
            "englishTitle": "Rachel Getting Married",
            "director": "Jonathan Demme"
        },
        {
            "englishTitle": "The Secret Life of Bees",
            "director": "Gina Prince-Bythewood"
        },
        {
            "englishTitle": "Stone of Destiny",
            "director": "Charles Martin Smith"
        },
        {
            "englishTitle": "Synecdoche, New York",
            "director": "Charlie Kaufman"
        },
        {
            "englishTitle": "The Wrestler",
            "director": "Darren Aronofsky"
        },
        {
            "englishTitle": "Zack and Miri Make a Porno",
            "director": "Kevin Smith"
        },
        {
            "englishTitle": "24 City",
            "director": "Jia Zhangke"
        },
        {
            "englishTitle": "Adam Resurrected",
            "director": "Paul Schrader"
        },
        {
            "englishTitle": "Everlasting Moments",
            "director": "Jan Troell"
        },
        {
            "englishTitle": "Four Nights With Anna",
            "director": "Jerzy Skolimowski"
        },
        {
            "englishTitle": "Of Time and the City",
            "director": "Terence Davies"
        },
        {
            "englishTitle": "Lorna's Silence",
            "director": "Jean-Pierre Dardenne, Luc Dardenne"
        },
        {
            "englishTitle": "Three Monkeys",
            "director": "Nuri Bilge Ceylan"
        },
        {
            "englishTitle": "Tokyo Sonata",
            "director": "Kiyoshi Kurosawa"
        },
        {
            "englishTitle": "Slumdog Millionaire",
            "director": "Danny Boyle",
            "award": "Best Film"
        },
        {
            "englishTitle": "More Than a Game",
            "director": "Kristopher Belman",
            "award": "Best Director"
        }
    ],
    "2007": [
        {
            "englishTitle": "Fugitive Pieces",
            "director": "Jeremy Podeswa"
        },
        {
            "englishTitle": "Rendition",
            "director": "Gavin Hood"
        },
        {
            "englishTitle": "Michael Clayton",
            "director": "Tony Gilroy"
        },
        {
            "englishTitle": "Battle for Terra",
            "director": "Aristomenis Tsirbas"
        },
        {
            "englishTitle": "Eastern Promises",
            "director": "David Cronenberg",
            "award": "Best Film"
        },
        {
            "englishTitle": "Second Wind",
            "originalTitle": "Le Deuxième Souffle",
            "director": "Alain Corneau"
        },
        {
            "englishTitle": "The Last Lear",
            "director": "Rituparno Ghosh"
        },
        {
            "englishTitle": "Elizabeth: The Golden Age",
            "director": "Shekhar Kapur"
        },
        {
            "englishTitle": "The Jane Austen Book Club",
            "director": "Robin Swicord"
        },
        {
            "englishTitle": "Sleuth",
            "director": "Kenneth Branagh"
        },
        {
            "englishTitle": "Across the Universe",
            "director": "Julie Taymor"
        },
        {
            "englishTitle": "Cassandra's Dream",
            "director": "Woody Allen"
        },
        {
            "englishTitle": "Cleaner",
            "director": "Renny Harlin"
        },
        {
            "englishTitle": "Days of Darkness",
            "originalTitle": "L'Âge des Ténèbres",
            "director": "Denys Arcand"
        },
        {
            "englishTitle": "Blood Brothers",
            "originalTitle": "Tian Tang Kou",
            "director": "Alexi Tan"
        },
        {
            "englishTitle": "Reservation Road",
            "director": "Terry George"
        },
        {
            "englishTitle": "The Walker",
            "director": "Paul Schrader"
        },
        {
            "englishTitle": "Closing the Ring",
            "director": "Richard Attenborough"
        },
        {
            "englishTitle": "Caramel",
            "director": "Nadine Labaki"
        },
        {
            "englishTitle": "Emotional Arithmetic",
            "director": "Paolo Barzman"
        },
        {
            "englishTitle": "Alexandra",
            "director": "Alexander Sokurov"
        },
        {
            "englishTitle": "Romance of Astrea and Celadon",
            "originalTitle": "Les Amours d'Astrée et de Céladon",
            "director": "Eric Rohmer"
        },
        {
            "englishTitle": "Beyond the Years",
            "originalTitle": "Chun-Nyun-Hack",
            "director": "Im Kwon-taek"
        },
        {
            "englishTitle": "Chaos",
            "originalTitle": "Heya Fawda",
            "director": "Youssef Chahine, Youssef Khaled"
        },
        {
            "englishTitle": "Christopher Columbus - The Enigma",
            "originalTitle": "Cristóvão Colombo - O Enigma",
            "director": "Manoel de Oliveira"
        },
        {
            "englishTitle": "Disengagement",
            "director": "Amos Gitai"
        },
        {
            "englishTitle": "The Past",
            "originalTitle": "El Pasado",
            "director": "Héctor Babenco"
        },
        {
            "englishTitle": "Fados",
            "director": "Carlos Saura"
        },
        {
            "englishTitle": "A Girl Cut in Two",
            "originalTitle": "La Fille coupée en deux",
            "director": "Claude Chabrol"
        },
        {
            "englishTitle": "Four Women",
            "originalTitle": "Naalu Pennunga",
            "director": "Adoor Gopalakrishnan"
        },
        {
            "englishTitle": "Glory to the Filmmaker!",
            "originalTitle": "Kantoku Banzai!",
            "director": "Takeshi Kitano"
        },
        {
            "englishTitle": "It's a Free World...",
            "director": "Ken Loach"
        },
        {
            "englishTitle": "The Man from London",
            "originalTitle": "A London Férfi",
            "director": "Béla Tarr"
        },
        {
            "englishTitle": "The Duchess of Langeais",
            "originalTitle": "Ne touchez pas la hache",
            "director": "Jacques Rivette"
        },
        {
            "englishTitle": "One Hundred Nails",
            "originalTitle": "Centochiodi",
            "director": "Ermanno Olmi"
        },
        {
            "englishTitle": "The Princess of Nebraska",
            "director": "Wayne Wang"
        },
        {
            "englishTitle": "A Thousand Years of Good Prayers",
            "director": "Wayne Wang"
        },
        {
            "englishTitle": "Ulzhan",
            "director": "Volker Schlöndorff"
        },
        {
            "englishTitle": "Flight of the Red Balloon",
            "originalTitle": "Le Voyage du ballon rouge",
            "director": "Hou Hsiao-hsien"
        },
        {
            "englishTitle": "The Voyeurs",
            "originalTitle": "Ami, Yasin Ar Amar Madhubala",
            "director": "Buddhadev Dasgupta"
        },
        {
            "englishTitle": "Juno",
            "director": "Jason Reitman",
            "award": "Best Director"
        }
    ],
    "2006": [
        {
            "englishTitle": "After the Wedding",
            "director": "Susanne Bier"
        },
        {
            "englishTitle": "All the King's Men",
            "director": "Steven Zaillian"
        },
        {
            "englishTitle": "Amazing Grace",
            "director": "Michael Apted"
        },
        {
            "englishTitle": "Away From Her",
            "director": "Sarah Polley"
        },
        {
            "englishTitle": "Babel",
            "director": "Alejandro González Iñárritu"
        },
        {
            "englishTitle": "The Banquet",
            "director": "Feng Xiaogang"
        },
        {
            "englishTitle": "Black Book",
            "director": "Paul Verhoeven"
        },
        {
            "englishTitle": "Bobby",
            "director": "Emilio Estevez"
        },
        {
            "englishTitle": "Bonneville",
            "director": "Christopher N. Rowley"
        },
        {
            "englishTitle": "Breaking and Entering",
            "director": "Anthony Minghella"
        },
        {
            "englishTitle": "Dixie Chicks: Shut Up and Sing",
            "director": "Barbara Kopple, Cecilia Peck"
        },
        {
            "englishTitle": "For Your Consideration",
            "director": "Christopher Guest"
        },
        {
            "englishTitle": "A Good Year",
            "director": "Ridley Scott"
        },
        {
            "englishTitle": "Infamous",
            "director": "Douglas McGrath"
        },
        {
            "englishTitle": "The Journals of Knud Rasmussen",
            "director": "Zacharias Kunuk, Norman Cohn"
        },
        {
            "englishTitle": "Mon Meilleur Ami",
            "director": "Patrice Leconte"
        },
        {
            "englishTitle": "Never Say Goodbye",
            "director": "Karan Johar"
        },
        {
            "englishTitle": "Penelope",
            "director": "Mark Palansky"
        },
        {
            "englishTitle": "Volver",
            "director": "Pedro Almodóvar"
        },
        {
            "englishTitle": "The White Planet",
            "director": "Thierry Piantanida, Thierry Ragobert, Jean Lemire"
        },
        {
            "englishTitle": "The Wind That Shakes the Barley",
            "director": "Ken Loach"
        },
        {
            "englishTitle": "The Caiman",
            "director": "Nanni Moretti"
        },
        {
            "englishTitle": "Lights In The Dusk",
            "director": "Aki Kaurismäki"
        },
        {
            "englishTitle": "The Optimists",
            "director": "Goran Paskaljević"
        },
        {
            "englishTitle": "Bella",
            "director": "Alejandro Gomez Monteverde",
            "award": "Best Film"
        }
    ],
    "2005": [
        {
            "englishTitle": "06/05: The Sixth of May",
            "director": "Theo van Gogh"
        },
        {
            "englishTitle": "Adam's Apples",
            "director": "Anders Thomas Jensen"
        },
        {
            "englishTitle": "American Gun",
            "director": "Aric Avelino"
        },
        {
            "englishTitle": "Amu",
            "director": "Shonali Bose"
        },
        {
            "englishTitle": "Angel Rodriguez",
            "director": "Jim McKay"
        },
        {
            "englishTitle": "Backstage",
            "director": "Emmanuelle Bercot"
        },
        {
            "englishTitle": "Battle in Heaven",
            "director": "Carlos Reygadas"
        },
        {
            "englishTitle": "Border Café",
            "director": "Kambuzia Partovi"
        },
        {
            "englishTitle": "Brooklyn Lobster",
            "director": "Kevin Jordan"
        },
        {
            "englishTitle": "C.R.A.Z.Y.",
            "director": "Jean-Marc Vallée"
        },
        {
            "englishTitle": "Citizen Dog",
            "director": "Wisit Sasanatieng"
        },
        {
            "englishTitle": "Dear Wendy",
            "director": "Thomas Vinterberg"
        },
        {
            "englishTitle": "The Death of Mr. Lazarescu",
            "director": "Cristi Puiu"
        },
        {
            "englishTitle": "Douches froides",
            "director": "Antony Cordier"
        },
        {
            "englishTitle": "Dreaming of Space",
            "director": "Alexey Uchitel"
        },
        {
            "englishTitle": "Eleven Men Out",
            "director": "Róbert I. Douglas"
        },
        {
            "englishTitle": "The Fatalist",
            "director": "João Botelho"
        },
        {
            "englishTitle": "The French Guy",
            "director": "Ann Marie Fleming"
        },
        {
            "englishTitle": "Gentille",
            "director": "Sophie Fillières"
        },
        {
            "englishTitle": "Gilane",
            "director": "Rakhshan Bani-Etemad, Mohsen Abdolvahab"
        },
        {
            "englishTitle": "The Grönholm Method",
            "director": "Marcelo Piñeyro"
        },
        {
            "englishTitle": "Horloge biologique",
            "director": "Ricardo Trogi"
        },
        {
            "englishTitle": "Pusher 3",
            "director": "Nicolas Winding Refn"
        },
        {
            "englishTitle": "Iron Island",
            "director": "Mohammad Rasoulof"
        },
        {
            "englishTitle": "The Last Hangman",
            "director": "Adrian Shergold"
        },
        {
            "englishTitle": "Linda Linda Linda",
            "director": "Nobuhiro Yamashita"
        },
        {
            "englishTitle": "Lucid",
            "director": "Sean Garrity"
        },
        {
            "englishTitle": "Mario's War",
            "director": "Antonio Capuano"
        },
        {
            "englishTitle": "Marock",
            "director": "Laïla Marrakchi"
        },
        {
            "englishTitle": "Mother of Mine",
            "director": "Klaus Härö"
        },
        {
            "englishTitle": "La Neuvaine",
            "director": "Bernard Émond"
        },
        {
            "englishTitle": "Opa!",
            "director": "Udayan Prasad"
        },
        {
            "englishTitle": "Paradise Now",
            "director": "Hany Abu-Assad"
        },
        {
            "englishTitle": "The Passion of Joshua the Jew",
            "director": "Pasquale Scimeca"
        },
        {
            "englishTitle": "Perpetual Motion",
            "director": "Ning Ying"
        },
        {
            "englishTitle": "The President's Last Bang",
            "director": "Im Sang-soo"
        },
        {
            "englishTitle": "Pusher",
            "director": "Nicolas Winding Refn"
        },
        {
            "englishTitle": "River Queen",
            "director": "Vincent Ward"
        },
        {
            "englishTitle": "Riviera",
            "director": "Anne Villacèque"
        },
        {
            "englishTitle": "Runaway",
            "director": "Tim McCann"
        },
        {
            "englishTitle": "Shadowboxer",
            "director": "Lee Daniels"
        },
        {
            "englishTitle": "Shanghai Dreams",
            "director": "Wang Xiaoshuai"
        },
        {
            "englishTitle": "Shooting Dogs",
            "director": "Michael Caton-Jones"
        },
        {
            "englishTitle": "Something Like Happiness",
            "director": "Bohdan Sláma"
        },
        {
            "englishTitle": "Sud Express",
            "director": "Chema de la Peña, Gabriel Velázquez"
        },
        {
            "englishTitle": "Summer in Berlin",
            "director": "Andreas Dresen"
        },
        {
            "englishTitle": "Sunflower",
            "director": "Zhang Yang"
        },
        {
            "englishTitle": "Le Temps qui reste",
            "director": "François Ozon"
        },
        {
            "englishTitle": "Transamerica",
            "director": "Duncan Tucker"
        },
        {
            "englishTitle": "À travers la forêt",
            "director": "Jean Paul Civeyrac"
        },
        {
            "englishTitle": "Tsotsi",
            "director": "Gavin Hood",
            "award": "Best Film"
        },
        {
            "englishTitle": "12 and Holding",
            "director": "Michael Cuesta"
        },
        {
            "englishTitle": "U-Carmen e-Khayelitsha",
            "director": "Mark Dornford-May"
        },
        {
            "englishTitle": "Va, Vis et Deviens",
            "director": "Radu Mihaileanu"
        },
        {
            "englishTitle": "La Vie avec mon père",
            "director": "Sébastien Rose"
        },
        {
            "englishTitle": "Viva Cuba",
            "director": "Juan Carlos Cremata Malberti"
        },
        {
            "englishTitle": "Whole New Thing",
            "director": "Amnon Buchbinder"
        },
        {
            "englishTitle": "The Willow Tree",
            "director": "Majid Majidi"
        },
        {
            "englishTitle": "Pusher 2",
            "director": "Nicolas Winding Refn"
        },
        {
            "englishTitle": "Breakfast on Pluto",
            "director": "Neil Jordan"
        },
        {
            "englishTitle": "Brokeback Mountain",
            "director": "Ang Lee"
        },
        {
            "englishTitle": "Bubble",
            "director": "Steven Soderbergh"
        },
        {
            "englishTitle": "Caché",
            "director": "Michael Haneke"
        },
        {
            "englishTitle": "L'Enfant",
            "director": "Jean-Pierre Dardenne, Luc Dardenne"
        },
        {
            "englishTitle": "Free Zone",
            "director": "Amos Gitai"
        },
        {
            "englishTitle": "Iberia",
            "director": "Carlos Saura"
        },
        {
            "englishTitle": "Manderlay",
            "director": "Lars von Trier"
        },
        {
            "englishTitle": "Memories In The Mist",
            "director": "Budhdhadeb Dasgupta"
        },
        {
            "englishTitle": "Memory for Max, Claire, Ida and Company",
            "director": "Allan King"
        },
        {
            "englishTitle": "No Direction Home: Bob Dylan",
            "director": "Martin Scorsese"
        },
        {
            "englishTitle": "Obaba",
            "director": "Montxo Armendáriz"
        },
        {
            "englishTitle": "The Sun",
            "director": "Alexander Sokurov"
        },
        {
            "englishTitle": "Takeshis'",
            "director": "Takeshi Kitano"
        },
        {
            "englishTitle": "Three Times",
            "director": "Hou Hsiao-Hsien"
        },
        {
            "englishTitle": "Tideland",
            "director": "Terry Gilliam"
        },
        {
            "englishTitle": "Live and Become",
            "director": "Radu Mihaileanu",
            "award": "Best Director"
        }
    ],
    "2004": [
        {
            "englishTitle": "3-Iron",
            "director": "Kim Ki-duk"
        },
        {
            "englishTitle": "After the Day Before",
            "director": "Attila Janisch"
        },
        {
            "englishTitle": "Almost Brothers",
            "director": "Lúcia Murat"
        },
        {
            "englishTitle": "The Alzheimer Case",
            "director": "Erik Van Looy"
        },
        {
            "englishTitle": "Antares",
            "director": "Götz Spielmann"
        },
        {
            "englishTitle": "As Follows",
            "director": "Federico Veiroj"
        },
        {
            "englishTitle": "BOMBÓN: El Perro",
            "director": "Carlos Sorín"
        },
        {
            "englishTitle": "Breaking News",
            "director": "Johnnie To"
        },
        {
            "englishTitle": "Brodeuses",
            "director": "Eléonore Faucher"
        },
        {
            "englishTitle": "Brothers",
            "director": "Susanne Bier"
        },
        {
            "englishTitle": "Cool",
            "director": "Theo van Gogh"
        },
        {
            "englishTitle": "Crónicas",
            "director": "Sebastián Cordero"
        },
        {
            "englishTitle": "Days and Hours",
            "director": "Pjer Žalica"
        },
        {
            "englishTitle": "Dead Man's Shoes",
            "director": "Shane Meadows"
        },
        {
            "englishTitle": "Dear Frankie",
            "director": "Shona Auerbach"
        },
        {
            "englishTitle": "Duck Season",
            "director": "Fernando Eimbcke"
        },
        {
            "englishTitle": "Earth and Ashes",
            "director": "Atiq Rahimi"
        },
        {
            "englishTitle": "L'Équipier",
            "director": "Philippe Lioret"
        },
        {
            "englishTitle": "La Femme de Gilles",
            "director": "Frédéric Fonteyne"
        },
        {
            "englishTitle": "Ferpect Crime",
            "director": "Álex de la Iglesia"
        },
        {
            "englishTitle": "Hidden Flaws",
            "director": "Paula van der Oest"
        },
        {
            "englishTitle": "The Holy Girl",
            "director": "Lucrecia Martel"
        },
        {
            "englishTitle": "Hotel",
            "director": "Jessica Hausner"
        },
        {
            "englishTitle": "The Keys to the House",
            "director": "Gianni Amelio"
        },
        {
            "englishTitle": "Ils se marièrent et eurent beaucoup d'enfants",
            "director": "Yvan Attal"
        },
        {
            "englishTitle": "Inconscientes",
            "director": "Joaquín Oristrell"
        },
        {
            "englishTitle": "Innocent Voices",
            "director": "Luis Mandoki"
        },
        {
            "englishTitle": "Lila dit ça",
            "director": "Ziad Doueiri"
        },
        {
            "englishTitle": "The Limb Salesman",
            "director": "Anais Granofsky"
        },
        {
            "englishTitle": "Little Sky",
            "director": "María Victoria Menis"
        },
        {
            "englishTitle": "Ma Mère",
            "director": "Christophe Honoré"
        },
        {
            "englishTitle": "Male Fantasy",
            "director": "Blaine Thurier"
        },
        {
            "englishTitle": "Mon père est ingénieur",
            "director": "Robert Guédiguian"
        },
        {
            "englishTitle": "My Summer of Love",
            "director": "Paweł Pawlikowski"
        },
        {
            "englishTitle": "Mysterious Skin",
            "director": "Gregg Araki"
        },
        {
            "englishTitle": "Niceland",
            "director": "Fridrik Thor Fridriksson"
        },
        {
            "englishTitle": "Nobody Knows",
            "director": "Hirokazu Koreeda"
        },
        {
            "englishTitle": "Oldboy",
            "director": "Park Chan-wook"
        },
        {
            "englishTitle": "Our Own",
            "director": "Dmitry Meskhiyev"
        },
        {
            "englishTitle": "Plastic Flowers",
            "director": "Liu Bingjian"
        },
        {
            "englishTitle": "Quill",
            "director": "Yoichi Sai"
        },
        {
            "englishTitle": "Real Life",
            "director": "Panos Koutras"
        },
        {
            "englishTitle": "Rois et reine",
            "director": "Arnaud Desplechin"
        },
        {
            "englishTitle": "Rolling Family",
            "director": "Pablo Trapero"
        },
        {
            "englishTitle": "Shiza",
            "director": "Gulshat Omarova"
        },
        {
            "englishTitle": "Siblings",
            "director": "David Weaver"
        },
        {
            "englishTitle": "Somersault",
            "director": "Cate Shortland"
        },
        {
            "englishTitle": "Spider Forest Song",
            "director": "Il-gon"
        },
        {
            "englishTitle": "Stray Dogs",
            "director": "Marzieh Meshkini"
        },
        {
            "englishTitle": "The Tuner",
            "director": "Kira Muratova"
        },
        {
            "englishTitle": "Turtles Can Fly",
            "director": "Bahman Ghobadi"
        },
        {
            "englishTitle": "Two Great Sheep",
            "director": "Liu Hao"
        },
        {
            "englishTitle": "Up and Down",
            "director": "Jan Hřebejk"
        },
        {
            "englishTitle": "Walk on Water",
            "director": "Eytan Fox"
        },
        {
            "englishTitle": "Whisky",
            "director": "Juan Pablo Rebella, Pablo Stoll"
        },
        {
            "englishTitle": "Wilby Wonderful",
            "director": "Daniel MacIvor"
        },
        {
            "englishTitle": "The Woodsman",
            "director": "Nicole Kassell"
        },
        {
            "englishTitle": "The World",
            "director": "Jia Zhangke"
        },
        {
            "englishTitle": "10 on Ten",
            "director": "Abbas Kiarostami"
        },
        {
            "englishTitle": "10e Chambre, instants d'audiences",
            "director": "Raymond Depardon"
        },
        {
            "englishTitle": "À tout de suite",
            "director": "Benoît Jacquot"
        },
        {
            "englishTitle": "Bad Education",
            "director": "Pedro Almodóvar"
        },
        {
            "englishTitle": "Brides",
            "director": "Pantelis Voulgaris"
        },
        {
            "englishTitle": "Café Lumière",
            "director": "Hou Hsiao-Hsien"
        },
        {
            "englishTitle": "Chased by Dreams",
            "director": "Buddhadeb Dasgupta"
        },
        {
            "englishTitle": "Cinévardaphoto",
            "director": "Agnès Varda"
        },
        {
            "englishTitle": "Demain on déménage",
            "director": "Chantal Akerman"
        },
        {
            "englishTitle": "Eros",
            "director": "Wong Kar Wai, Steven Soderbergh, Michelangelo Antonioni"
        },
        {
            "englishTitle": "Five",
            "director": "Abbas Kiarostami"
        },
        {
            "englishTitle": "Human Touch",
            "director": "Paul Cox"
        },
        {
            "englishTitle": "Land of Plenty",
            "director": "Wim Wenders"
        },
        {
            "englishTitle": "Low Life",
            "director": "Im Kwon-taek"
        },
        {
            "englishTitle": "Midwinter Night's Dream",
            "director": "Goran Paskaljević"
        },
        {
            "englishTitle": "Moolaadé",
            "director": "Ousmane Sembène"
        },
        {
            "englishTitle": "The Ninth Day",
            "director": "Volker Schlöndorff"
        },
        {
            "englishTitle": "Notre Musique",
            "director": "Jean-Luc Godard"
        },
        {
            "englishTitle": "Salvador Allende",
            "director": "Patricio Guzmán"
        },
        {
            "englishTitle": "Sucker Free City",
            "director": "Spike Lee"
        },
        {
            "englishTitle": "Trilogy: The Weeping Meadow",
            "director": "Theodoros Angelopoulos"
        },
        {
            "englishTitle": "Hotel Rwanda",
            "director": "Terry George",
            "award": "Best Film"
        }
    ],
    "2003": [
        {
            "englishTitle": "Bon Voyage",
            "director": "Jean-Paul Rappeneau"
        },
        {
            "englishTitle": "The Boys from County Clare",
            "director": "John Irvin"
        },
        {
            "englishTitle": "Code 46",
            "director": "Michael Winterbottom"
        },
        {
            "englishTitle": "The Company",
            "director": "Robert Altman"
        },
        {
            "englishTitle": "Danny Deckchair",
            "director": "Jeff Balsmeyer"
        },
        {
            "englishTitle": "Girl with a Pearl Earring",
            "director": "Peter Webber"
        },
        {
            "englishTitle": "Good Morning, Night",
            "director": "Marco Bellocchio"
        },
        {
            "englishTitle": "The Human Stain",
            "director": "Robert Benton"
        },
        {
            "englishTitle": "In the Cut",
            "director": "Jane Campion"
        },
        {
            "englishTitle": "The Barbarian Invasions",
            "director": "Denys Arcand"
        },
        {
            "englishTitle": "Mambo Italiano",
            "director": "Émile Gaudreault"
        },
        {
            "englishTitle": "Matchstick Men",
            "director": "Ridley Scott"
        },
        {
            "englishTitle": "Nathalie...",
            "director": "Anne Fontaine"
        },
        {
            "englishTitle": "Out of Time",
            "director": "Carl Franklin"
        },
        {
            "englishTitle": "The Republic of Love",
            "director": "Deepa Mehta"
        },
        {
            "englishTitle": "Rosenstrasse",
            "director": "Margarethe von Trotta"
        },
        {
            "englishTitle": "School of Rock",
            "director": "Richard Linklater"
        },
        {
            "englishTitle": "Veronica Guerin",
            "director": "Joel Schumacher"
        },
        {
            "englishTitle": "Casa de los Babys",
            "director": "John Sayles"
        },
        {
            "englishTitle": "Chokher Bali, A Passion Play",
            "director": "Rituparno Ghosh"
        },
        {
            "englishTitle": "Come and Go",
            "director": "João César Monteiro"
        },
        {
            "englishTitle": "Dying at Grace",
            "director": "Allan King"
        },
        {
            "englishTitle": "Elephant",
            "director": "Gus Van Sant"
        },
        {
            "englishTitle": "I'll Sleep When I'm Dead",
            "director": "Mike Hodges"
        },
        {
            "englishTitle": "A Talking Picture",
            "director": "Manoel de Oliveira"
        },
        {
            "englishTitle": "Le Temps du Loup",
            "director": "Michael Haneke"
        },
        {
            "englishTitle": "Zatoichi",
            "director": "Takeshi Kitano",
            "award": "Best Film"
        }
    ],
    "2002": [
        {
            "englishTitle": "Antwone Fisher",
            "director": "Denzel Washington"
        },
        {
            "englishTitle": "Ararat",
            "director": "Atom Egoyan"
        },
        {
            "englishTitle": "Chihwaseon",
            "director": "Im Kwon-taek"
        },
        {
            "englishTitle": "Far From Heaven",
            "director": "Todd Haynes"
        },
        {
            "englishTitle": "Femme Fatale",
            "director": "Brian De Palma"
        },
        {
            "englishTitle": "The Four Feathers",
            "director": "Shekhar Kapur"
        },
        {
            "englishTitle": "Frida",
            "director": "Julie Taymor"
        },
        {
            "englishTitle": "The Good Thief",
            "director": "Neil Jordan"
        },
        {
            "englishTitle": "The Guys",
            "director": "Jim Simpson"
        },
        {
            "englishTitle": "L'homme du train",
            "director": "Patrice Leconte"
        },
        {
            "englishTitle": "In America",
            "director": "Jim Sheridan"
        },
        {
            "englishTitle": "Jet Lag",
            "director": "Danièle Thompson"
        },
        {
            "englishTitle": "Moonlight Mile",
            "director": "Brad Silberling"
        },
        {
            "englishTitle": "The Other Side of the Bed",
            "director": "Emilio Martínez Lázaro"
        },
        {
            "englishTitle": "Phone Booth",
            "director": "Joel Schumacher"
        },
        {
            "englishTitle": "Spider",
            "director": "David Cronenberg"
        },
        {
            "englishTitle": "White Oleander",
            "director": "Peter Kosminsky"
        },
        {
            "englishTitle": 10,
            "director": "Abbas Kiarostami"
        },
        {
            "englishTitle": "All or Nothing",
            "director": "Mike Leigh"
        },
        {
            "englishTitle": "La Dernière Lettre",
            "director": "Frederick Wiseman"
        },
        {
            "englishTitle": "Dirty Pretty Things",
            "director": "Stephen Frears"
        },
        {
            "englishTitle": "The Man Without a Past",
            "director": "Aki Kaurismäki"
        },
        {
            "englishTitle": "My Mother's Smile",
            "director": "Marco Bellocchio"
        },
        {
            "englishTitle": "A Peck on the Cheek",
            "director": "Mani Ratnam"
        },
        {
            "englishTitle": "Sex Is Comedy",
            "director": "Catherine Breillat"
        },
        {
            "englishTitle": "Shadow Kill",
            "director": "Adoor Gopalakrishnan"
        },
        {
            "englishTitle": "Sweet Sixteen",
            "director": "Ken Loach"
        },
        {
            "englishTitle": "A Tale Of A Naughty Girl",
            "director": "Buddhadev Dasgupta"
        },
        {
            "englishTitle": "Ten Minutes Older: The Cello",
            "director": "Bernardo Bertolucci, Mike Figgis"
        },
        {
            "englishTitle": "Together",
            "director": "Chen Kaige"
        },
        {
            "englishTitle": "Whale Rider",
            "director": "Niki Caro",
            "award": "Best Film"
        }
    ],
    "2001": [
        {
            "englishTitle": "Cet Amour-là",
            "director": "Josée Dayan"
        },
        {
            "englishTitle": "Dark Blue World",
            "director": "Jan Sverák"
        },
        {
            "englishTitle": "Enigma",
            "director": "Michael Apted"
        },
        {
            "englishTitle": "From Hell",
            "director": "Albert Hughes, Allen Hughes"
        },
        {
            "englishTitle": "Hearts in Atlantis",
            "director": "Scott Hicks"
        },
        {
            "englishTitle": "Lantana",
            "director": "Ray Lawrence"
        },
        {
            "englishTitle": "The Last Kiss",
            "director": "Gabriele Muccino"
        },
        {
            "englishTitle": "Last Orders",
            "director": "Fred Schepisi"
        },
        {
            "englishTitle": "Last Wedding",
            "director": "Bruce Sweeney"
        },
        {
            "englishTitle": "Life as a House",
            "director": "Irwin Winkler"
        },
        {
            "englishTitle": "Monsoon Wedding",
            "director": "Mira Nair"
        },
        {
            "englishTitle": "No Man's Land",
            "director": "Danis Tanovic"
        },
        {
            "englishTitle": "Novocaine",
            "director": "David Atkins"
        },
        {
            "englishTitle": "Serendipity",
            "director": "Peter Chelsom"
        },
        {
            "englishTitle": "Taking Sides",
            "director": "István Szabó"
        },
        {
            "englishTitle": "Tosca",
            "director": "Benoît Jacquot"
        },
        {
            "englishTitle": "Training Day",
            "director": "Antoine Fuqua"
        },
        {
            "englishTitle": "The Triumph of Love",
            "director": "Clare Peploe"
        },
        {
            "englishTitle": "Éloge de l'amour",
            "director": "Jean-Luc Godard"
        },
        {
            "englishTitle": "L' Anglaise et le duc",
            "director": "Éric Rohmer"
        },
        {
            "englishTitle": "Buñuel and King Solomon's Table",
            "director": "Carlos Saura"
        },
        {
            "englishTitle": "The Diaries of Vaslav Nijinsky",
            "director": "Paul Cox"
        },
        {
            "englishTitle": "Je rentre à la maison",
            "director": "Manoel de Oliveira"
        },
        {
            "englishTitle": "Millennium Mambo",
            "director": "Hou Hsiao-hsien"
        },
        {
            "englishTitle": "Mulholland Drive",
            "director": "David Lynch"
        },
        {
            "englishTitle": "The Navigators",
            "director": "Ken Loach"
        },
        {
            "englishTitle": "La Pianiste",
            "director": "Michael Haneke"
        },
        {
            "englishTitle": "The Profession of Arms",
            "director": "Ermanno Olmi"
        },
        {
            "englishTitle": "Pulse",
            "director": "Kiyoshi Kurosawa"
        },
        {
            "englishTitle": "The Son's Room",
            "director": "Nanni Moretti"
        },
        {
            "englishTitle": "The Sun Behind the Moon",
            "director": "Mohsen Makhmalbaf"
        },
        {
            "englishTitle": "Trouble Every Day",
            "director": "Claire Denis"
        },
        {
            "englishTitle": "Warm Water Under a Red Bridge",
            "director": "Shōhei Imamura"
        },
        {
            "englishTitle": "Amélie",
            "director": "Jean-Pierre Jeunet",
            "award": "Best Film"
        }
    ],
    "2000": [
        {
            "englishTitle": "Almost Famous",
            "director": "Cameron Crowe"
        },
        {
            "englishTitle": "Best In Show",
            "director": "Christopher Guest"
        },
        {
            "englishTitle": "Bread and Tulips",
            "director": "Silvio Soldini"
        },
        {
            "englishTitle": "The Contender",
            "director": "Rod Lurie"
        },
        {
            "englishTitle": "Crouching Tiger, Hidden Dragon",
            "director": "Ang Lee",
            "award": "Best Film"
        },
        {
            "englishTitle": "The Dish",
            "director": "Rob Sitch"
        },
        {
            "englishTitle": "Dr. T and the Women",
            "director": "Robert Altman"
        },
        {
            "englishTitle": "The House of Mirth",
            "director": "Terence Davies"
        },
        {
            "englishTitle": "How to Kill Your Neighbor's Dog",
            "director": "Michael Kalesniko"
        },
        {
            "englishTitle": "In the Mood for Love",
            "director": "Wong Kar Wai"
        },
        {
            "englishTitle": "The Luzhin Defence",
            "director": "Marleen Gorris"
        },
        {
            "englishTitle": "Men of Honor",
            "director": "George Tillman Jr."
        },
        {
            "englishTitle": "Pandaemonium",
            "director": "Julien Temple"
        },
        {
            "englishTitle": "Sexy Beast",
            "director": "Jonathan Glazer"
        },
        {
            "englishTitle": "Stardom",
            "director": "Denys Arcand"
        },
        {
            "englishTitle": "La Veuve de Saint-Pierre",
            "director": "Patrice Leconte"
        },
        {
            "englishTitle": "The Weight of Water",
            "director": "Kathryn Bigelow"
        },
        {
            "englishTitle": "Bread and Roses",
            "director": "Ken Loach"
        },
        {
            "englishTitle": "Brother",
            "director": "Takeshi Kitano"
        },
        {
            "englishTitle": "La Captive",
            "director": "Chantal Akerman"
        },
        {
            "englishTitle": "Chunhyang",
            "director": "Im Kwontaek"
        },
        {
            "englishTitle": "Code Inconnu",
            "director": "Michael Haneke"
        },
        {
            "englishTitle": "Comédie de l'innocence",
            "director": "Raoul Ruiz"
        },
        {
            "englishTitle": "Gohatto",
            "director": "Nagisa Oshima"
        },
        {
            "englishTitle": "The Legends of Rita",
            "director": "Volker Schlöndorff"
        },
        {
            "englishTitle": "Merci pour le chocolat",
            "director": "Claude Chabrol"
        },
        {
            "englishTitle": "My Generation",
            "director": "Barbara Kopple"
        },
        {
            "englishTitle": "Such is Life",
            "director": "Arturo Ripstein"
        },
        {
            "englishTitle": "Turbulence",
            "director": "Ruy Guerra"
        },
        {
            "englishTitle": "Werckmeister Harmonies",
            "director": "Béla Tarr"
        },
        {
            "englishTitle": "The Wrestlers",
            "director": "Buddhadeb Dasgupta"
        },
        {
            "englishTitle": "Yi Yi",
            "director": "Edward Yang"
        }
    ]
}