{
    "2014": [
        {
            "englishTitle": "99 Homes",
            "director": "Ramin Bahrani",
            "country": "United States"
        },
        {
            "englishTitle": "A Pigeon Sat on a Branch Reflecting on Existence",
            "originalTitle": "En duva satt på en gren och funderade på tillvaron",
            "director": "Roy Andersson",
            "country": "Sweden, Germany, Norway, France",
            "award": "Best Film"
        },
        {
            "englishTitle": "Birdman",
            "director": "Alejandro González Iñárritu",
            "country": "United States"
        },
        {
            "englishTitle": "Black Souls",
            "originalTitle": "Anime nere",
            "director": "Francesco Munzi",
            "country": "Italy, France"
        },
        {
            "englishTitle": "Far from Men",
            "originalTitle": "Loin des hommes",
            "director": "David Oelhoffen",
            "country": "France"
        },
        {
            "englishTitle": "Fires on the Plain",
            "originalTitle": "Nobi",
            "director": "Shinya Tsukamoto",
            "country": "Japan"
        },
        {
            "englishTitle": "Good Kill",
            "director": "Andrew Niccol",
            "country": "United States"
        },
        {
            "englishTitle": "Hungry Hearts",
            "director": "Saverio Costanzo",
            "country": "Italy",
            "award": "Best Actress, Best Actor"
        },
        {
            "englishTitle": "Leopardi",
            "originalTitle": "Il giovane favoloso",
            "director": "Mario Martone",
            "country": "Italy"
        },
        {
            "englishTitle": "La Rançon de la gloire",
            "originalTitle": "La Rançon de la gloire",
            "director": "Xavier Beauvois",
            "country": "France, Belgium, Switzerland"
        },
        {
            "englishTitle": "Le Dernier Coup de marteau",
            "originalTitle": "Le Dernier Coup de marteau",
            "director": "Alix Delaporte",
            "country": "France"
        },
        {
            "englishTitle": "Manglehorn",
            "director": "David Gordon Green",
            "country": "United States"
        },
        {
            "englishTitle": "Pasolini",
            "director": "Abel Ferrara",
            "country": "France, Belgium, Italy"
        },
        {
            "englishTitle": "Red Amnesia",
            "director": "Wang Xiaoshuai",
            "country": "China"
        },
        {
            "englishTitle": "Sivas",
            "director": "Kaan Müjdeci",
            "country": "Turkey"
        },
        {
            "englishTitle": "Tales",
            "originalTitle": "Ghesse-ha",
            "director": "Rakhshan Bani-E'temad",
            "country": "Iran",
            "award": "Best Screenplay"
        },
        {
            "englishTitle": "The Cut",
            "director": "Fatih Akın",
            "country": "Germany, France, Italy, Canada, Poland, Turkey"
        },
        {
            "englishTitle": "The Look of Silence",
            "originalTitle": "Senyap",
            "director": "Joshua Oppenheimer",
            "country": "Denmark, Finland, Indonesia, Norway, UK",
            "award": "Grand Jury Prize"
        },
        {
            "englishTitle": "The Postman's White Nights",
            "originalTitle": "Belye nochi pochtalona Alekseya Tryapitsyna",
            "director": "Andrei Konchalovsky",
            "country": "Russia",
            "award": "Best Director"
        },
        {
            "englishTitle": "Three Hearts",
            "originalTitle": "3 cœurs",
            "director": "Benoît Jacquot",
            "country": "France"
        }
    ],
    "2013": [
        {
            "englishTitle": "Ana Arabia",
            "director": "Amos Gitai",
            "country": "Israel, France"
        },
        {
            "englishTitle": "Child of God",
            "director": "James Franco",
            "country": "United States"
        },
        {
            "englishTitle": "The Police Officer's Wife",
            "originalTitle": "Die Frau des Polizisten",
            "director": "Philip Gröning",
            "country": "Germany"
        },
        {
            "englishTitle": "L'intrepido",
            "director": "Gianni Amelio",
            "country": "Italy"
        },
        {
            "englishTitle": "Jealousy",
            "originalTitle": "La Jalousie",
            "director": "Philippe Garrel",
            "country": "France"
        },
        {
            "englishTitle": "Stray Dogs",
            "director": "Tsai Ming-liang",
            "country": "Taiwan, France",
            "award": "Grand Jury Prize"
        },
        {
            "englishTitle": "Joe",
            "director": "David Gordon Green",
            "country": "United States"
        },
        {
            "englishTitle": "The Wind Rises",
            "director": "Hayao Miyazaki",
            "country": "Japan"
        },
        {
            "englishTitle": "Miss Violence",
            "director": "Alexandros Avranas",
            "country": "Greece",
            "award": "Best Director, Best Actor"
        },
        {
            "englishTitle": "Night Moves",
            "director": "Kelly Reichardt",
            "country": "United States"
        },
        {
            "englishTitle": "Parkland",
            "director": "Peter Landesman",
            "country": "United States"
        },
        {
            "englishTitle": "Philomena",
            "director": "Stephen Frears",
            "country": "United Kingdom",
            "award": "Best Screenplay"
        },
        {
            "englishTitle": "Sacro GRA",
            "director": "Gianfranco Rosi",
            "country": "Italy",
            "award": "Best Film"
        },
        {
            "englishTitle": "The Rooftop",
            "originalTitle": "Es-Stouh",
            "director": "Merzak Allouache",
            "country": "Algeria, France"
        },
        {
            "englishTitle": "Tom at the Farm",
            "originalTitle": "Tom à la ferme",
            "director": "Xavier Dolan",
            "country": "Canada, France"
        },
        {
            "englishTitle": "Tracks",
            "director": "John Curran",
            "country": "United Kingdom, Australia"
        },
        {
            "englishTitle": "Under the Skin",
            "director": "Jonathan Glazer",
            "country": "United Kingdom, United States"
        },
        {
            "englishTitle": "The Unknown Known",
            "director": "Errol Morris",
            "country": "United States"
        },
        {
            "englishTitle": "Via Castellana Bandiera",
            "director": "Emma Dante",
            "country": "Italy, Switzerland, France",
            "award": "Best Actress"
        },
        {
            "englishTitle": "The Zero Theorem",
            "director": "Terry Gilliam",
            "country": "United Kingdom, United States"
        }
    ],
    "2012": [
        {
            "englishTitle": "Something in the Air",
            "originalTitle": "Après mai",
            "director": "Olivier Assayas",
            "country": "France",
            "award": "Best Screenplay"
        },
        {
            "englishTitle": "At Any Price",
            "director": "Ramin Bahrani",
            "country": "United States"
        },
        {
            "englishTitle": "The Master",
            "director": "Paul Thomas Anderson",
            "country": "United States",
            "award": "Best Director, Best Actor"
        },
        {
            "englishTitle": "Dormant Beauty",
            "originalTitle": "Bella addormentata",
            "director": "Marco Bellocchio",
            "country": "France, Italy"
        },
        {
            "englishTitle": "The Fifth Season",
            "originalTitle": "La cinquième saison",
            "director": "Peter Brosens, Jessica Woodworth",
            "country": "Belgium, Netherlands, France"
        },
        {
            "englishTitle": "Fill the Void",
            "originalTitle": "Lemale et ha'halal",
            "director": "Rama Burshtein",
            "country": "Israel",
            "award": "Best Actress"
        },
        {
            "englishTitle": "It Was the Son",
            "originalTitle": "È stato il figlio",
            "director": "Daniele Cipri",
            "country": "Italy",
            "award": "Best Cinematography"
        },
        {
            "englishTitle": "A Special Day",
            "originalTitle": "Un giorno speciale",
            "director": "Francesca Comencini",
            "country": "Italy"
        },
        {
            "englishTitle": "Passion",
            "director": "Brian De Palma",
            "country": "France, Germany"
        },
        {
            "englishTitle": "Superstar",
            "director": "Xavier Giannoli",
            "country": "France, Belgium"
        },
        {
            "englishTitle": "Pietà",
            "director": "Kim Ki-duk",
            "country": "South Korea",
            "award": "Best Film"
        },
        {
            "englishTitle": "Outrage Beyond",
            "director": "Takeshi Kitano",
            "country": "Japan"
        },
        {
            "englishTitle": "Spring Breakers",
            "director": "Harmony Korine",
            "country": "United States"
        },
        {
            "englishTitle": "To the Wonder",
            "director": "Terrence Malick",
            "country": "United States"
        },
        {
            "englishTitle": "Thy Womb",
            "originalTitle": "Sinapupunan",
            "director": "Brillante Mendoza",
            "country": "Philippines"
        },
        {
            "englishTitle": "Lines of Wellington",
            "originalTitle": "Linhas de Wellington",
            "director": "Valeria Sarmiento",
            "country": "Portugal, France"
        },
        {
            "englishTitle": "Paradise: Faith",
            "originalTitle": "Paradies: Glaube",
            "director": "Ulrich Seidl",
            "country": "Austria, France, Germany",
            "award": "Special Jury Prize"
        },
        {
            "englishTitle": "Betrayal",
            "originalTitle": "Izmena",
            "director": "Kirill Serebrennikov",
            "country": "Russia"
        }
    ],
    "2011": [
        {
            "englishTitle": "Tinker Tailor Soldier Spy",
            "director": "Tomas Alfredson",
            "country": "United Kingdom, France"
        },
        {
            "englishTitle": "Wuthering Heights",
            "director": "Andrea Arnold",
            "country": "United Kingdom",
            "award": "Best Cinematography"
        },
        {
            "englishTitle": "People Mountain People Sea",
            "originalTitle": "Ren shan ren hai",
            "director": "Cai Shangjun",
            "country": "China, Hong Kong",
            "award": "Best Director"
        },
        {
            "englishTitle": "Texas Killing Fields",
            "director": "Ami Canaan Mann",
            "country": "United States"
        },
        {
            "englishTitle": "The Ides of March",
            "director": "George Clooney",
            "country": "United States"
        },
        {
            "englishTitle": "When the Night",
            "originalTitle": "Quando la notte",
            "director": "Cristina Comencini",
            "country": "Italy"
        },
        {
            "englishTitle": "Terraferma",
            "director": "Emanuele Crialese",
            "country": "Italy",
            "award": "Special Jury Prize"
        },
        {
            "englishTitle": "A Dangerous Method",
            "director": "David Cronenberg",
            "country": "Germany, Canada"
        },
        {
            "englishTitle": "4:44 Last Day on Earth",
            "director": "Abel Ferrara",
            "country": "United States"
        },
        {
            "englishTitle": "Killer Joe",
            "director": "William Friedkin",
            "country": "United States"
        },
        {
            "englishTitle": "A Burning Hot Summer",
            "originalTitle": "Un été brûlant",
            "director": "Philippe Garrel",
            "country": "France"
        },
        {
            "englishTitle": "The Last Man on Earth",
            "originalTitle": "L'Ultimo Terrestre",
            "director": "Gipi",
            "country": "Italy"
        },
        {
            "englishTitle": "A Simple Life",
            "originalTitle": "Taojie",
            "director": "Ann Hui",
            "country": "Hong Kong",
            "award": "Best Actress"
        },
        {
            "englishTitle": "The Exchange",
            "originalTitle": "Hahithalfut",
            "director": "Eran Kolirin",
            "country": "Israel, Germany"
        },
        {
            "englishTitle": "Alps",
            "originalTitle": "Alpis",
            "director": "Yorgos Lanthimos",
            "country": "Greece",
            "award": "Best Screenplay"
        },
        {
            "englishTitle": "Shame",
            "director": "Steve McQueen",
            "country": "United Kingdom",
            "award": "Best Actor"
        },
        {
            "englishTitle": "Carnage",
            "director": "Roman Polanski",
            "country": "France, Germany, Spain, Poland"
        },
        {
            "englishTitle": "Faust",
            "director": "Alexander Sokurov",
            "country": "Russia",
            "award": "Best Film"
        },
        {
            "englishTitle": "Dark Horse",
            "director": "Todd Solondz",
            "country": "United States"
        },
        {
            "englishTitle": "Himizu",
            "director": "Sion Sono",
            "country": "Japan"
        },
        {
            "englishTitle": "Chicken with Plums",
            "originalTitle": "Poulet aux prunes",
            "director": "Marjane Satrapi and Vincent Paronnaud",
            "country": "France, Belgium, Germany"
        },
        {
            "englishTitle": "Life Without Principle",
            "originalTitle": "Dyut ming gam",
            "director": "Johnnie To",
            "country": "Hong Kong"
        },
        {
            "englishTitle": "Warriors of the Rainbow: Seediq Bale",
            "originalTitle": "Sài dé kè ba lái",
            "director": "Wei Te-Sheng",
            "country": "Taiwan"
        }
    ],
    "2010": [
        {
            "englishTitle": "Black Swan",
            "director": "Darren Aronofsky",
            "country": "United States"
        },
        {
            "originalTitle": "La pecora nera",
            "director": "Ascanio Celestini",
            "country": "Italy"
        },
        {
            "englishTitle": "Somewhere",
            "director": "Sofia Coppola",
            "country": "United States",
            "award": "Best Film"
        },
        {
            "englishTitle": "Happy Few",
            "director": "Antony Cordier",
            "country": "France"
        },
        {
            "englishTitle": "The Solitude of Prime Numbers",
            "originalTitle": "La solitudine dei numeri primi",
            "director": "Saverio Costanzo",
            "country": "Italy, Germany, France"
        },
        {
            "englishTitle": "Silent Souls",
            "director": "Aleksei Fedorchenko",
            "country": "Russia",
            "award": "Best Cinematography"
        },
        {
            "englishTitle": "Promises Written in Water",
            "director": "Vincent Gallo",
            "country": "United States"
        },
        {
            "englishTitle": "Road to Nowhere",
            "director": "Monte Hellman",
            "country": "United States"
        },
        {
            "englishTitle": "A Sad Trumpet Ballad",
            "originalTitle": "Balada triste de trompeta",
            "director": "Álex de la Iglesia",
            "country": "Spain, France",
            "award": "Best Director, Best Screenplay"
        },
        {
            "englishTitle": "Black Venus",
            "originalTitle": "Vénus noire",
            "director": "Abdellatif Kechiche",
            "country": "France"
        },
        {
            "englishTitle": "Post Mortem",
            "director": "Pablo Larraín",
            "country": "Chile, Mexico, Germany"
        },
        {
            "englishTitle": "Barney's Version",
            "director": "Richard J. Lewis",
            "country": "Canada, Italy"
        },
        {
            "originalTitle": "Noi credevamo",
            "director": "Mario Martone",
            "country": "Italy, France"
        },
        {
            "originalTitle": "La passione",
            "director": "Carlo Mazzacurati",
            "country": "Italy"
        },
        {
            "englishTitle": "Thirteen Assassins",
            "director": "Takashi Miike",
            "country": "Japan, United Kingdom"
        },
        {
            "originalTitle": "Potiche",
            "director": "François Ozon",
            "country": "France"
        },
        {
            "englishTitle": "Meek's Cutoff",
            "director": "Kelly Reichardt",
            "country": "United States"
        },
        {
            "englishTitle": "Miral",
            "director": "Julian Schnabel",
            "country": "United States, France, Italy, Israel"
        },
        {
            "englishTitle": "Essential Killing",
            "director": "Jerzy Skolimowski",
            "country": "Poland, Norway, Hungary, Ireland",
            "award": "Special Jury Prize, Best Actor"
        },
        {
            "englishTitle": "Norwegian Wood",
            "originalTitle": "Noruwei no Mori",
            "director": "Tran Anh Hung",
            "country": "Japan"
        },
        {
            "originalTitle": "Attenberg",
            "director": "Athina Rachel Tsangari",
            "country": "Greece",
            "award": "Best Actress"
        },
        {
            "englishTitle": "Detective Dee and the Mystery of the Phantom Flame",
            "director": "Tsui Hark",
            "country": "China"
        },
        {
            "englishTitle": "The Ditch",
            "originalTitle": "Jiabiangou",
            "director": "Wang Bing",
            "country": "China"
        },
        {
            "englishTitle": "Three",
            "originalTitle": "Drei",
            "director": "Tom Tykwer",
            "country": "Germany"
        }
    ],
    "2009": [
        {
            "englishTitle": "Baarìa",
            "originalTitle": "Baarìa - La porta del vento",
            "director": "Giuseppe Tornatore",
            "country": "Italy, France"
        },
        {
            "englishTitle": "Soul Kitchen",
            "director": "Fatih Akın",
            "country": "Germany, Turkey",
            "award": "Special Jury Prize"
        },
        {
            "englishTitle": "The Double Hour",
            "originalTitle": "La doppia ora",
            "director": "Giuseppe Capotondi",
            "country": "Italy",
            "award": "Best Actress"
        },
        {
            "englishTitle": "Persecution",
            "originalTitle": "Persécution",
            "director": "Patrice Chéreau",
            "country": "France"
        },
        {
            "englishTitle": "Accident",
            "originalTitle": "Yi ngoi",
            "director": "Cheang Pou-Soi",
            "country": "Hong Kong, China"
        },
        {
            "englishTitle": "The White Space",
            "originalTitle": "Lo spazio bianco",
            "director": "Francesca Comencini",
            "country": "Italy"
        },
        {
            "englishTitle": "White Material",
            "director": "Claire Denis",
            "country": "France"
        },
        {
            "englishTitle": "Mr Nobody",
            "director": "Jaco van Dormael",
            "country": "Canada, Belgium, France"
        },
        {
            "englishTitle": "A Single Man",
            "director": "Tom Ford",
            "country": "United States",
            "award": "Best Actor"
        },
        {
            "englishTitle": "Lourdes",
            "director": "Jessica Hausner",
            "country": "Austria"
        },
        {
            "englishTitle": "Bad Lieutenant: Port of Call New Orleans",
            "director": "Werner Herzog",
            "country": "United States"
        },
        {
            "englishTitle": "The Road",
            "director": "John Hillcoat",
            "country": "United States"
        },
        {
            "englishTitle": "Between Two Worlds",
            "originalTitle": "Ahasin Wetei",
            "director": "Vimukthi Jayasundara",
            "country": "Sri Lanka"
        },
        {
            "englishTitle": "The Traveller",
            "originalTitle": "El Mosafer",
            "director": "Ahmed Maher",
            "country": "Egypt"
        },
        {
            "englishTitle": "Lebanon",
            "originalTitle": "Levanon",
            "director": "Samuel Maoz",
            "country": "Israel",
            "award": "Best Film"
        },
        {
            "englishTitle": "Lola",
            "director": "Brillante Mendoza",
            "country": "Philippines"
        },
        {
            "englishTitle": "Capitalism: A Love Story",
            "director": "Michael Moore",
            "country": "United States"
        },
        {
            "englishTitle": "Women Without Men",
            "originalTitle": "Zanan-e bedun-e mardan",
            "director": "Shirin Neshat",
            "country": "Germany",
            "award": "Best Director"
        },
        {
            "englishTitle": "The Big Dream",
            "originalTitle": "Il grande sogno",
            "director": "Michele Placido",
            "country": "Italy, France"
        },
        {
            "englishTitle": "36 Views from the Pic Saint-Loup",
            "originalTitle": "36 vues du Pic Saint-Loup",
            "director": "Jacques Rivette",
            "country": "Italy, France"
        },
        {
            "englishTitle": "Survival of the Dead",
            "director": "George A. Romero",
            "country": "United States"
        },
        {
            "englishTitle": "Life During Wartime",
            "director": "Todd Solondz",
            "country": "United States",
            "award": "Best Screenplay"
        },
        {
            "englishTitle": "Tetsuo: The Bullet Man",
            "originalTitle": "Tetsuo Project",
            "director": "Shinya Tsukamoto",
            "country": "Japan"
        },
        {
            "englishTitle": "Prince of Tears",
            "originalTitle": "Lei wangzi",
            "director": "Yonfan",
            "country": "Taiwan"
        },
        {
            "englishTitle": "My Son, My Son, What Have Ye Done",
            "director": "Werner Herzog",
            "country": "United States"
        }
    ],
    "2008": [
        {
            "originalTitle": "Achilles and the Tortoise",
            "director": "Takeshi Kitano",
            "country": "Japan"
        },
        {
            "originalTitle": "L’Autre",
            "director": "Patrick Mario Bernard, Pierre Trividic",
            "country": "France",
            "award": "Best Actress"
        },
        {
            "originalTitle": "Birdwatchers",
            "director": "Marco Bechis",
            "country": "Italy"
        },
        {
            "originalTitle": "The Burning Plain",
            "director": "Guillermo Arriaga",
            "country": "USA"
        },
        {
            "originalTitle": "The Hurt Locker",
            "director": "Kathryn Bigelow",
            "country": "USA"
        },
        {
            "originalTitle": "Inju: The Beast in the Shadow",
            "director": "Barbet Schroeder",
            "country": "France"
        },
        {
            "originalTitle": "Inland",
            "director": "Tariq Teguia",
            "country": "Algeria, France"
        },
        {
            "originalTitle": "Jerichow",
            "director": "Christian Petzold",
            "country": "Germany"
        },
        {
            "originalTitle": "Nuit de Chien",
            "director": "Werner Schroeter",
            "country": "France, Germany, Portugal"
        },
        {
            "englishTitle": "Giovanna's Father",
            "originalTitle": "Il Papa di Giovanna",
            "director": "Pupi Avati",
            "country": "Italy",
            "award": "Best Actor"
        },
        {
            "originalTitle": "Paper Soldier",
            "director": "Aleksei German",
            "country": "Russia",
            "award": "Best Director"
        },
        {
            "englishTitle": "A Perfect Day",
            "originalTitle": "Un giorno perfetto",
            "director": "Ferzan Özpetek",
            "country": "Italy"
        },
        {
            "originalTitle": "Plastic City",
            "director": "Yu Lik-wai",
            "country": "Brazil, China, Hong Kong, China, Japan"
        },
        {
            "originalTitle": "Ponyo on the Cliff by the Sea",
            "director": "Hayao Miyazaki",
            "country": "Japan"
        },
        {
            "originalTitle": "Rachel Getting Married",
            "director": "Jonathan Demme",
            "country": "USA"
        },
        {
            "originalTitle": "The Seed of Discord",
            "director": "Pappi Corsicato",
            "country": "Italy"
        },
        {
            "originalTitle": "The Sky Crawlers",
            "director": "Mamoru Oshii",
            "country": "Japan"
        },
        {
            "originalTitle": "Süt",
            "director": "Semih Kaplanoglu",
            "country": "Turkey, France, Germany"
        },
        {
            "originalTitle": "Teza",
            "director": "Haile Gerima",
            "country": "Ethiopia, Germany, France",
            "award": "Best Screenplay, Special Jury Prize"
        },
        {
            "originalTitle": "Vegas: Based on a True Story",
            "director": "Amir Naderi",
            "country": "USA"
        },
        {
            "originalTitle": "The Wrestler",
            "director": "Darren Aronofsky",
            "country": "USA, France",
            "award": "Best Film"
        }
    ],
    "2007": [
        {
            "originalTitle": "The Darjeeling Limited",
            "director": "Wes Anderson",
            "country": "USA"
        },
        {
            "originalTitle": "Sleuth",
            "director": "Kenneth Branagh",
            "country": "United Kingdom, USA"
        },
        {
            "originalTitle": "Le Chaos",
            "director": "Youssef Chahine",
            "country": "Egypt"
        },
        {
            "originalTitle": "Redacted",
            "director": "Brian De Palma",
            "country": "USA",
            "award": "Special Prize"
        },
        {
            "originalTitle": "The Assassination of Jesse James by the Coward Robert Ford",
            "director": "Andrew Dominik",
            "country": "USA",
            "award": "Best Actor"
        },
        {
            "originalTitle": "Nessuna qualità agli eroi",
            "director": "Paolo Franchi",
            "country": "Italy, Switzerland, France"
        },
        {
            "originalTitle": "Michael Clayton",
            "director": "Tony Gilroy",
            "country": "USA"
        },
        {
            "originalTitle": "Nightwatching",
            "director": "Peter Greenaway",
            "country": "United Kingdom, Poland, Canada, Netherlands"
        },
        {
            "originalTitle": "En la ciudad de Sylvia",
            "director": "José Luis Guerín",
            "country": "Spain"
        },
        {
            "originalTitle": "In the Valley of Elah",
            "director": "Paul Haggis",
            "country": "USA"
        },
        {
            "originalTitle": "I'm Not There",
            "director": "Todd Haynes",
            "country": "USA",
            "award": "Best Director, Best Actress"
        },
        {
            "englishTitle": "The Sun Also Rises",
            "originalTitle": "Taiyang zhaochang shenqi",
            "director": "Jiang Wen",
            "country": "China, Hong Kong"
        },
        {
            "englishTitle": "Help Me Eros",
            "originalTitle": "Bangbang wo aishen",
            "director": "Lee Kang Sheng",
            "country": "Taiwan"
        },
        {
            "englishTitle": "The Secret of the Grain",
            "originalTitle": "La graine et le mulet",
            "director": "Abdellatif Kechiche",
            "country": "France",
            "award": "Best Director"
        },
        {
            "englishTitle": "Lust, Caution",
            "originalTitle": "Se, Jie",
            "director": "Ang Lee",
            "country": "USA, China, Taiwan",
            "award": "Best Film"
        },
        {
            "originalTitle": "It's a Free World...",
            "director": "Ken Loach",
            "country": "United Kingdom, Italy, Germany, Spain",
            "award": "Best Screenplay"
        },
        {
            "originalTitle": "L'ora di punta",
            "director": "Vincenzo Marra",
            "country": "Italy"
        },
        {
            "originalTitle": "Sukiyaki Western Django",
            "director": "Takashi Miike",
            "country": "Japan"
        },
        {
            "originalTitle": "12",
            "director": "Nikita Mihalkov",
            "country": "Russia"
        },
        {
            "originalTitle": "Il dolce e l'amaro",
            "director": "Andrea Porporati",
            "country": "Italy"
        },
        {
            "originalTitle": "Les Amours d'Astrée et de Céladon",
            "director": "Eric Rohmer",
            "country": "France, Italy, Spain"
        },
        {
            "originalTitle": "Mad Detective",
            "director": "Johnnie To, Wai Ka-Fai",
            "country": "Hong Kong"
        },
        {
            "originalTitle": "Atonement",
            "director": "Joe Wright",
            "country": "United Kingdom"
        }
    ],
    "2006": [
        {
            "originalTitle": "Fallen",
            "director": "Barbara Albert",
            "country": "Austria"
        },
        {
            "originalTitle": "The Missing Star",
            "director": "Gianni Amelio",
            "country": "Italy"
        },
        {
            "originalTitle": "The Fountain",
            "director": "Darren Aronofsky",
            "country": "USA"
        },
        {
            "originalTitle": "Hollywoodland",
            "director": "Allen Coulter",
            "country": "USA",
            "award": "Best Actor"
        },
        {
            "originalTitle": "Nuovomondo",
            "director": "Emanuele Crialese",
            "country": "Italy, France",
            "award": "Best Director"
        },
        {
            "originalTitle": "Children of Men",
            "director": "Alfonso Cuarón",
            "country": "USA"
        },
        {
            "originalTitle": "The Black Dahlia",
            "director": "Brian De Palma",
            "country": "USA, Germany"
        },
        {
            "originalTitle": "Bobby",
            "director": "Emilio Estevez",
            "country": "USA"
        },
        {
            "originalTitle": "The Queen",
            "director": "Stephen Frears",
            "country": "Great Britain",
            "award": "Best Actress, Best Screenplay"
        },
        {
            "originalTitle": "Daratt",
            "director": "Mahamat Saleh Haroun",
            "country": "Chad, France, Belgium, Austria",
            "award": "Grand Prize"
        },
        {
            "originalTitle": "L'intouchable",
            "director": "Benoît Jacquot",
            "country": "France"
        },
        {
            "originalTitle": "Paprika",
            "director": "Satoshi Kon",
            "country": "Japan"
        },
        {
            "originalTitle": "Nue Propriété",
            "director": "Joachim Lafosse",
            "country": "Belgium, Luxembourg, France"
        },
        {
            "originalTitle": "Mushishi",
            "director": "Katsuhiro Otomo",
            "country": "Japan"
        },
        {
            "englishTitle": "Private Fears in Public Places",
            "originalTitle": "Coeurs",
            "director": "Alain Resnais",
            "country": "France, Italy",
            "award": "Special Prize"
        },
        {
            "originalTitle": "Quei loro incontri",
            "director": "Jean-Marie Strau, Danièle Huillet",
            "country": "Italy, France"
        },
        {
            "originalTitle": "Exiled",
            "director": "Johnny To",
            "country": "Hong Kong, China"
        },
        {
            "originalTitle": "Hei yanquan",
            "director": "Tsai Ming-liang",
            "country": "Taiwan, France, Austria"
        },
        {
            "originalTitle": "Zwartboek",
            "director": "Paul Verhoeven",
            "country": "Netherlands, Germany, UK"
        },
        {
            "originalTitle": "Ejforija",
            "director": "Ivan Vyrypaev",
            "country": "Russia"
        },
        {
            "originalTitle": "Sang sattawat",
            "director": "Apichatpong Weerasethakul",
            "country": "Thailand, France"
        },
        {
            "englishTitle": "Still Life",
            "originalTitle": "Sanxia Haoren",
            "director": "Jia Zhangke",
            "country": "China",
            "award": "Best Film"
        }
    ],
    "2005": [
        {
            "originalTitle": "La Seconda Notte di Nozze",
            "director": "Pupi Avati",
            "country": "Italy"
        },
        {
            "originalTitle": "O Fatalista",
            "director": "João Botelho",
            "country": "Portugal, France"
        },
        {
            "originalTitle": "Vers Le Sud",
            "director": "Laurent Cantet",
            "country": "France, Canada"
        },
        {
            "originalTitle": "Gabrielle",
            "director": "Patrice Chéreau",
            "country": "France, Italy"
        },
        {
            "originalTitle": "Good Night, and Good Luck",
            "director": "George Clooney",
            "country": "USA",
            "award": "Best Actor, Best Screenplay"
        },
        {
            "englishTitle": "The Beast in the Heart",
            "originalTitle": "La Bestia nel Cuore",
            "director": "Cristina Comencini",
            "country": "Italy",
            "award": "Best Actress"
        },
        {
            "originalTitle": "I Giorni dell'Abbandono",
            "director": "Roberto Faenza",
            "country": "Italy"
        },
        {
            "originalTitle": "Mary",
            "director": "Abel Ferrara",
            "country": "Italy, USA",
            "award": "Special Prize"
        },
        {
            "originalTitle": "Les Amants Réguliers",
            "director": "Philippe Garrel",
            "country": "France, Italy",
            "award": "Best Director"
        },
        {
            "originalTitle": "Garpastum",
            "director": "Aleksey German Jr",
            "country": "Russia"
        },
        {
            "originalTitle": "The Brothers Grimm",
            "director": "Terry Gilliam",
            "country": "UK"
        },
        {
            "originalTitle": "Everlasting Regret",
            "director": "Stanley Kwan",
            "country": "China, Hong Kong"
        },
        {
            "originalTitle": "Brokeback Mountain",
            "director": "Ang Lee",
            "country": "Canada",
            "award": "Best Film"
        },
        {
            "originalTitle": "Proof",
            "director": "John Madden",
            "country": "UK, USA"
        },
        {
            "originalTitle": "The Constant Gardener",
            "director": "Fernando Meirelles",
            "country": "UK, Kenya, Germany"
        },
        {
            "originalTitle": "Espelho Magico",
            "director": "Manoel de Oliveira",
            "country": "Portugal"
        },
        {
            "originalTitle": "Sympathy for Lady Vengeance",
            "director": "Park Chan-wook",
            "country": "Korea"
        },
        {
            "originalTitle": "Romance and Cigarettes",
            "director": "John Turturro",
            "country": "USA"
        },
        {
            "originalTitle": "Persona Non Grata",
            "director": "Krzysztof Zanussi",
            "country": "Poland, Russia, Italy"
        },
        {
            "originalTitle": "Takeshis'",
            "director": "Takeshi Kitano",
            "country": "Japan"
        }
    ],
    "2004": [
        {
            "originalTitle": "5x2",
            "director": "François Ozon"
        },
        {
            "englishTitle": "3-iron",
            "originalTitle": "Bin-jip",
            "director": "Kim Ki-duk",
            "award": "Best Director"
        },
        {
            "originalTitle": "Birth",
            "director": "Jonathan Glazer"
        },
        {
            "originalTitle": "Le chiavi di casa",
            "director": "Gianni Amelio"
        },
        {
            "originalTitle": "Delivery",
            "director": "Nikos Panayotopoulos"
        },
        {
            "originalTitle": "Haryu insaeng",
            "director": "Im Kwon-taek"
        },
        {
            "originalTitle": "Hauru no ugoku shiro",
            "director": "Hayao Miyazaki"
        },
        {
            "originalTitle": "The Intruder",
            "director": "Claire Denis"
        },
        {
            "originalTitle": "Kôhî jikô",
            "director": "Hou Hsiao-Hsien"
        },
        {
            "originalTitle": "Land of Plenty",
            "director": "Wim Wenders"
        },
        {
            "originalTitle": "Lavorare con lentezza",
            "director": "Guido Chiesa"
        },
        {
            "englishTitle": "The Sea Inside",
            "originalTitle": "Mar adentro",
            "director": "Alejandro Amenábar",
            "award": "Grand Jury Prize, Best Actor"
        },
        {
            "originalTitle": "Ovunque sei",
            "director": "Michele Placido"
        },
        {
            "originalTitle": "Palindromes",
            "director": "Todd Solondz"
        },
        {
            "originalTitle": "Promised Land",
            "director": "Amos Gitai"
        },
        {
            "originalTitle": "Rois et reine",
            "director": "Arnaud Desplechin"
        },
        {
            "originalTitle": "Sag-haye velgard",
            "director": "Marzieh Makhmalbaf"
        },
        {
            "originalTitle": "Shijie",
            "director": "Jia Zhangke"
        },
        {
            "originalTitle": "Tout un hiver sans feu",
            "director": "Greg Zglinski"
        },
        {
            "originalTitle": "Udalyonnyy dostup",
            "director": "Svetlana Proskurina"
        },
        {
            "originalTitle": "Vanity Fair",
            "director": "Mira Nair"
        },
        {
            "originalTitle": "Vera Drake",
            "director": "Mike Leigh",
            "award": "Best Film, Best Actress"
        }
    ],
    "2003": [
        {
            "originalTitle": "21 Grams",
            "director": "Alejandro González Iñárritu",
            "award": "Best Actor"
        },
        {
            "originalTitle": "Alila",
            "director": "Amos Gitai"
        },
        {
            "originalTitle": "Baramnan gajok",
            "director": "Sang-soo Im"
        },
        {
            "originalTitle": "Bu san",
            "director": "Ming-liang Tsai"
        },
        {
            "originalTitle": "Buongiorno, notte",
            "director": "Marco Bellocchio"
        },
        {
            "englishTitle": "The Kite",
            "originalTitle": "Le Cerf-volant",
            "director": "Randa Chahal",
            "award": "Special Jury Prize"
        },
        {
            "originalTitle": "Code 46",
            "director": "Michael Winterbottom"
        },
        {
            "originalTitle": "Imagining Argentina",
            "director": "Christopher Hampton"
        },
        {
            "originalTitle": "Lian zhi feng jing",
            "director": "Miu-suet Lai"
        },
        {
            "originalTitle": "Il Miracolo",
            "director": "Edoardo Winspeare"
        },
        {
            "originalTitle": "Pornografia",
            "director": "Jan Jakub Kolski"
        },
        {
            "originalTitle": "Raja",
            "director": "Jacques Doillon"
        },
        {
            "originalTitle": "Rosenstrasse",
            "director": "Margarethe von Trotta",
            "award": "Best Actress"
        },
        {
            "originalTitle": "Segreti di stato",
            "director": "Paolo Benvenuti"
        },
        {
            "originalTitle": "Les Sentiments",
            "director": "Noémie Lvovsky"
        },
        {
            "originalTitle": "Loving Glances",
            "director": "Srđan Karanović"
        },
        {
            "originalTitle": "Twentynine Palms",
            "director": "Bruno Dumont"
        },
        {
            "originalTitle": "Um Filme Falado",
            "director": "Manoel de Oliveira"
        },
        {
            "englishTitle": "The Return",
            "originalTitle": "Vozvrashcheniye",
            "director": "Andrey Zvyagintsev",
            "award": "Best Film"
        },
        {
            "originalTitle": "Zatôichi",
            "director": "Takeshi Kitano",
            "award": "Best Director"
        }
    ],
    "2002": [
        {
            "originalTitle": "Au plus près du paradis",
            "director": "Tonie Marshall"
        },
        {
            "originalTitle": "Bear's Kiss",
            "director": "Sergei Bodrov"
        },
        {
            "originalTitle": "Dirty Pretty Things",
            "director": "Stephen Frears"
        },
        {
            "originalTitle": "Dolls",
            "director": "Takeshi Kitano"
        },
        {
            "englishTitle": "House of Fools",
            "originalTitle": "Dom durakov",
            "director": "Andrei Konchalovsky",
            "award": "Grand Jury Prize"
        },
        {
            "originalTitle": "Far from Heaven",
            "director": "Todd Haynes",
            "award": "Best Actress"
        },
        {
            "originalTitle": "La forza del passato",
            "director": "Piergiorgio Gay"
        },
        {
            "originalTitle": "Frida",
            "director": "Julie Taymor"
        },
        {
            "originalTitle": "Führer Ex",
            "director": "Winfried Bonengel"
        },
        {
            "originalTitle": "L'Homme du train",
            "director": "Patrice Leconte"
        },
        {
            "originalTitle": "Julie Walking Home",
            "director": "Agnieszka Holland"
        },
        {
            "originalTitle": "The Magdalene Sisters",
            "director": "Peter Mullan",
            "award": "Best Film"
        },
        {
            "originalTitle": "Mei li shi guang",
            "director": "Tso-chi Chang"
        },
        {
            "originalTitle": "Nackt",
            "director": "Doris Dörrie"
        },
        {
            "originalTitle": "Nha fala",
            "director": "Flora Gomes"
        },
        {
            "originalTitle": "Oasis",
            "director": "Lee Chang-dong"
        },
        {
            "originalTitle": "Road to Perdition",
            "director": "Sam Mendes"
        },
        {
            "originalTitle": "The Tracker",
            "director": "Rolf de Heer"
        },
        {
            "originalTitle": "Un monde presque paisible",
            "director": "Michel Deville"
        },
        {
            "originalTitle": "Velocità massima",
            "director": "Daniele Vicari"
        },
        {
            "englishTitle": "A Journey Called Love",
            "originalTitle": "Un viaggio chiamato amore",
            "director": "Michele Placido",
            "award": "Best Actor"
        }
    ],
    "2001": [
        {
            "originalTitle": "Abril Despedaçado",
            "director": "Walter Salles"
        },
        {
            "originalTitle": "Bully",
            "director": "Larry Clark"
        },
        {
            "originalTitle": "Dupa-amiaza unui tortionar",
            "director": "Lucian Pintilie"
        },
        {
            "originalTitle": "Eden",
            "director": "Amos Gitai"
        },
        {
            "originalTitle": "Heung gong yau gok hor lei wood",
            "director": "Fruit Chan"
        },
        {
            "originalTitle": "How Harry Became a Tree",
            "director": "Goran Paskaljević"
        },
        {
            "englishTitle": "Dog Days",
            "originalTitle": "Hundstage",
            "director": "Ulrich Seidl",
            "award": "Grand Jury Prize"
        },
        {
            "originalTitle": "Loin",
            "director": "André Téchiné"
        },
        {
            "englishTitle": "Light of My Eyes",
            "originalTitle": "Luce dei miei occhi",
            "director": "Giuseppe Piccioni",
            "award": "Best Actor, Best Actress"
        },
        {
            "originalTitle": "Luna rossa",
            "director": "Antonio Capuano"
        },
        {
            "originalTitle": "Monsoon Wedding",
            "director": "Mira Nair",
            "award": "Best Film"
        },
        {
            "originalTitle": "The Navigators",
            "director": "Ken Loach"
        },
        {
            "originalTitle": "The Others",
            "director": "Alejandro Amenábar"
        },
        {
            "originalTitle": "Quem És Tu?",
            "director": "João Botelho"
        },
        {
            "originalTitle": "Raye makhfi",
            "director": "Babak Payami"
        },
        {
            "originalTitle": "Sauvage innocence",
            "director": "Philippe Garrel"
        },
        {
            "originalTitle": "Suchwiin bulmyeong",
            "director": "Ki-duk Kim"
        },
        {
            "originalTitle": "The Triumph of Love",
            "director": "Clare Peploe"
        },
        {
            "originalTitle": "Waking Life",
            "director": "Richard Linklater"
        },
        {
            "originalTitle": "Y tu mamá también",
            "director": "Alfonso Cuarón"
        }
    ],
    "2000": [
        {
            "originalTitle": "Before Night Falls",
            "director": "Julian Schnabel",
            "award": "Grand Jury Prize, Best Actor"
        },
        {
            "originalTitle": "I cento passi",
            "director": "Marco Tullio Giordana"
        },
        {
            "originalTitle": "Comédie de l'innocence",
            "director": "Raoul Ruiz"
        },
        {
            "englishTitle": "The Circle",
            "originalTitle": "Dayereh",
            "director": "Jafar Panahi",
            "award": "Best Film"
        },
        {
            "originalTitle": "Denti",
            "director": "Gabriele Salvatores"
        },
        {
            "originalTitle": "Dr. T & the Women",
            "director": "Robert Altman"
        },
        {
            "originalTitle": "O Fantasma",
            "director": "João Pedro Rodrigues"
        },
        {
            "originalTitle": "Freedom",
            "director": "Sharunas Bartas"
        },
        {
            "originalTitle": "The Goddess of 1967",
            "director": "Clara Law",
            "award": "Best Actress"
        },
        {
            "originalTitle": "Liam",
            "director": "Stephen Frears"
        },
        {
            "originalTitle": "Holy Tongue",
            "director": "Carlo Mazzacurati"
        },
        {
            "originalTitle": "Liulian piao piao",
            "director": "Fruit Chan"
        },
        {
            "originalTitle": "The Man Who Cried",
            "director": "Sally Potter"
        },
        {
            "originalTitle": "Palavra e Utopia",
            "director": "Manoel de Oliveira"
        },
        {
            "originalTitle": "Il Partigiano Johnny",
            "director": "Guido Chiesa"
        },
        {
            "originalTitle": "Selon Matthieu",
            "director": "Xavier Beauvois"
        },
        {
            "originalTitle": "Seom",
            "director": "Ki-duk Kim"
        },
        {
            "originalTitle": "Uttara",
            "director": "Buddhadev Dasgupta"
        },
        {
            "originalTitle": "La virgen de los sicarios",
            "director": "Barbet Schroeder"
        },
        {
            "originalTitle": "Zhantai",
            "director": "Jia Zhangke"
        }
    ]
}